จันที 09 เดือน กุมภาพันธ์ พ.ศ.,,2565 เวลา 16:284,(ฉบับที่ รางพระราชบัญญัติธนาคารแห่งประเทศไทย ง] พ.ศ.,
จ้านวนผู้เข้าร่วมประชุม,,2ว80,คณะรัฐมนตรีรับไปพิจารณาก่อนรับหลักการ,
เห็นด้วย,,239,,
ไม่เห็นด้วย,,140,,
งดออกเสียง,,. ,,
ไม่ลงคะแนนเสียง,,0,,
,,,,หน้า 1/ 1.1518
ลําดับที่,เลขที่บัตร,ชื่อ-สกุล,ซื่อสังกัด,ผลการลงคะแนน
า,237,นายพลภูมิ วิภัติภูมิประเทศ,พรรคเพื่อไทย,เห็นด้วย
2,5360,นายศิรสิทธิ์ เลิศด้วยลาภ,พรรคเพื่อไทย,เห็นด้วย
2,52383,นายสมบัติ ศรีสรีนทร์,พรรคเพื่อไทย,เห็นด้วย
ด่|,ๆ933,นางสุภาภรณ์ คงวุฒิปัญญา,พรรคเพื่อไทย,เห็นด้วย
5,009,นายกฤษฎา ตับเทอดทิตย์,พรรคเพื่อไทย,ไม่เห็นด้วย
6,022,นางสาวกิตตี้ธัญญา วาจาดี,พรรคเพื่อไทย,ไม่เห็นด้วย
ธุ,023,นายกิตติศักดิ์ คณาสวัสดิ์,พรรคเพื่อไทย,ไปเห็นด้วย
8,027,นายเกรียงศักดิ์ ฝ้ายสีงาม,พรรคเพื่อไทย,ไม่เห็นด้วย
9,029,นายเกษม ยุบระ,พรรคเพื่อไทย,ไม่เห็นด้วย
10,035,นายโกศล ปัทมะ,พรรคเพื่อไทย,ไม่เห็นด้วย
11,046,นษายคุณากร ปรีซาขนะขัย,พรรคเพื่อไทย,ไม่เห็นด้วย
12,049,นายจรัสฤทธิ์ จันทรสุรินทร์,พรรคเพื่อไทย,ไม่เห็นด้วย
13,0568,นายจาตุรงค์ เหพ็งนรพัฒน์,พรรคเพื่อไทย,ไม่เห็นด้วย
14,062,นายจิรหัศ ไกรเดชา,พรรคเพื่อไทย,ไม่เห็นด้วย
15,064,นายจิรวัฒน์ ศิริพานีขย์,พรรคเพื่อไทย,ไม่เห็นด้วย
16,067,นางสาวจิราพร สินธุไพร,พรรคเพื่อไทย,ไม่เห็นด้วย
17,070,นางจุฑาพัตธน์ เมนะสวัสดี์,พรรคเพื่อไทย,ไม่เห็นด้วย
ไ18,075,นายจุลพันธ์ อมรวิวัฒน์,พรรคเพื่อไทย,ไม่เห็นด้วย
19,080,พนายฉลาด ขามขาวง,พรรคเพื่อไทย,ไม่เห็นด้วย
20,081,นบนางสาวขนก จันทาทอง,พรรคเพื่อไทย,ไม่เห็นด้วย
21,083,นบนายซูลน่าน ศรีแก้ว,พรรคเพื่อไทย,ไม่เห็นด้วย
22,099,นายชูวิทย์ พิทักษ์พรพัลลภ,พรรคเพื่อไทย,ไม่เห็นด้วย
23,106,นายไชยวัฒนา ติณรัตน์,พรรคเพื่อไทย,ไม่เห็นด้วย
228,107,นายไชยา พรหมา,พรรคเพื่อไทย,ไม่เห็นด้วย
25,121,นายณ์ฐพงษ์ สูปริยศิสป์,พรรคเพื่อไทย,ไม่เห็นด้วย
,,,กลุ่มงานรายงานการประชุม สํานักรายงานการประชุมและขวเลข,
,,,,หน้า %/ 1.1518
ลําดับที่,เลขที่บัตร,ชื่อ-สกุล,ชื่อสังกัด,ผลการลงคะแบบ
26,127,นายตะนัย มะหิพันธ์,พรรคเพื่อไทย,ไม่เห็นด้วย
2ร6,142,นางสาวทัศนีย์ บูรณุปกรณ์,พรรคเพื่อไทย,ไม่เห็นด้วย
268,144,นายทายาทห เกียรติชูศักดิ์,พรรคเพื่อไทย,ไม่เห็นด้วย
29,149,นางเทียบจุฑา ขาวขํา,พรรคเพื่อไทย,ไม่เห็นด้วย
30,151,พายธนกร ไชยกุล,พรรคเพื่อไทย,ไม่เห็นด้วย
31,ไอ้3,นบางสาวธีรรัตน์ สําเร็จวาณิขย์,พรรคเพือไทย,ไม่เห็นด้วย
29,ไ64,นายจิระ ไตรสรณกุส,พรรคเพื่อไทย,ไม่เห็นด้วย
รจ,ไอ้,นบนายนพ ชีวาบันท์,พรรคเพื่อไทย,ไม่เห็นด้วย
34,168,นายนพคุณ รัฐผไท,พรรคเพื่อไทย,ไม่เห็นด้วย
365,184,นายบ๊ยม เวซกามจ,พรรคเพื่อไทย,ไม่เห็นด้วย
36,ไ86,นายบิรันตร์ นาเมืองรักษ์,พรรคเพือไทย,ไม่เห็นด้วย
3,192,นายบัลลังก์ อรรณนพพร,พรรคเพือไทย,ไม่เห็นด้วย
38,196,บางบุญวืน ศรีธเรศ,พรรคเพื่อไทย,ไม่เห็นด้วย
39,208,นายประภูศักดิ์ จีนตะเวช,พรรคเพื่อไทย,ไม่เห็นด้วย
40,214,นายประเสริฐ บุญเรือง,พรรคเพื่อไทย,ไม่เห็นด้วย
ๆ1,222,นายปิยวัฒน พันธ์สายเชื้อ,พรรคเพือไทย,ไม่เห็นด้วย
ๆ2,220,บางผ่องศรี แซ่จึง,พรรคเพื่อไทย,ไม่เห็นด้วย
4จ,236,นางพรเพ็ญ บุญศิริวัฒนกุล,พรรคเพื่อไทย,ไม่เห็นด้วย
เจ4,252,นายพีระเพชร ศิริกุล,พรรคเพือไทย,ไม่เห็นด้วย
5,262,นายภณณัฏฐ์ ศรีอินทร์สุทธิ์,พรรคเพือไทย,ไม่เห็นด้วย
ไอย้,268,บนบางมนพร เจริญศรี,พรรคเพื่อไทย,ไม่เห็นด้วย
47,282,นบนายมานะ โลหะวูณิชย์,พรรคเพื่อไทย,ไม่เห็นด้วย
48,283,นายมานะศักดิ์ จันทร์ประสงค์,พรรคเพือไทย,ไม่เห็นด้วย
ๆ9,287,นางมุกตา พงษ์สมบัติ,พรรคเพือไทย,ไม่เห็นด้วย
50,2097,นายรั้งสรรค์ มณีรัตน์,พรรคเพื่อไทย,ไม่เห็นด้วย
51,298,นบายรังสรรค์ วันไขยธนวงศ์,พรรคเพื่อไทย,ไม่เห็นด้วย
590,3202,นายรัฐกิตตี์ ผาลีพัฒน์,พรรคเพื่อไทย,ไม่เห็นด้วย
53,205,นางสาวสะออง ติยะไพรัช,พรรคเพื่อไทย,ไม่เห็นด้วย
54,30,นายเลิศศักดิ์ พัฒนขัยกุล,พรรคเพื่อไทย,ไม่เห็นด้วย
509,216,นายวรสิทธิ์ กัสป์ติบันท์,พรรคเพื่อไทย,ไม่เห็นด้วย
56์,2291,นายวันขัย เจริญนนทสิทธิ์,พรรคเพื่อไทย,ไม่เห็นด้วย
5ก,3223,นายวันนิวัติ สมบูรณ์,พรรคเพื่อไทย,ไม่เห็นด้วย
58,328,นายวิทยา ทรงคํา,พรรคเพื่อไทย,ไม่เห็นด้วย
,,,กลุ่มงานรายงานการประซุม สํานักรายงานการประขุมและชวเลข,
,,,,หน้า 3/ 1.1518
สําดับที่,เลขที่บัตร,ซื่อ-สกุล,ซื่อสังกัด,ผลการลงคะแนน
59,3237,นายวิสาร เตซะธีราวัฒน์,พรรคเพื่อไทย,ไม่เห็นด้วย
60,339,นายวิสิษฐ์ เตชะธีราวัฒน์,พรรคเพื่อไทย,ไม่เห็นด้วย
6์1,36840,นายวิสุทธิ์ ไชยณรุณ,พรรคเพื่อไทย,ไม่เห็นด้วย
62,4ๆ4,นายวีระพล จิตสัมฤทธิ์,พรรคเพื่อไทย,ไม่เห็นด้วย
5653,%50,นายศรัณย์ ทิมสุวรรณ,พรรคเพื่อไทย,ไม่เห็นด้วย
54,354,นายศรีเรศ โกฎคําลือ,พรรคเพื่อไทย,ไม่เห็นด้วย
65,370,นางสาวสกุณา สาระนันท์,พรรคเพื่อไทย,ไม่เห็นด้วย
56,372,นายสงวน พงษ์มณี,พรรคเพื่อไทย,ไม่เห็นด้วย
6ก,291],นางสมหญิง บัวบุตร,พรรคเพื่อไทย,ไม่เห็นด้วย
6์คิ,ๆ14,นายสิงหภณ ดีนาง,พรรคเพื่อไทย,ไม่เห็นด้วย
69,416,นางสิรินทร จฐามสูต,พรรคเพื่อไทย,ไม่เห็นด้วย
ฯ70,4ๆ41,นายสุรวิทย์ คนสมบูรณ์,พรรคเพื่อไทย,ไม่เห็นด้วย
1ไ,462,นาวาอากาศเอกอนุติษฐ์ นาครทรรพ,พรรคเพื่อไทย,ไม่เห็นด้วย
172,486,นบนางอาภรณ์ สาราคํา,พรรคเพื่อไทย,ไม่เห็นด้วย
7173,493,นายอุบลศักดิ์ บัวหลวงงาม,พรรคเพื่อไทย,ไม่เห็นด้วย
7ก,4196,นายเอกธน์ซ ยินทร์รอด,พรรคเพื่อไทย,ไม่เห็นด้วย
75,.500,นายโอชิษฐ์ เกียรติก้องชูชัย,พรรคเพื่อไทย,ไม่เห็นด้วย
76,001]1,นพายกนก ลิ้มตระกูล,พรรคเพื่อไทย,
7ซ,018,นายการุณ โหสกุล,พรรคเพือไทย,-
78,019,นายกิตติ สมทรัพย์,พรรคเพื่อไทย,
9,020,นายกิตติกร โล่ห์สุนทร,พรรคเพื่อไทย,-
80,037,นายขจิตร ขัยนิคม,พรรคเพื่อไทย,-
ย1,042,นายคมเดช ไชยศิวามงคล,พรรคเพื่อไทย,-
82,ป843,นายครูมานิตย์ สังข์พุ่ม,พรรคเพื่อไทย,
83,ภู4,พายจตุพร เจริญเชื้อ,พรรคเพื่อไทย,
84,053,นายจักรพรรดี ไชยสาส์น,พรรคเพื่อไทย,-
55,054,นายจักรพล ตั้งสุทธิธรรม,พรรคเพื่อไทย,-
86,063,นายจิรพงษ์ ทรงวัชราภรณ์,พรรคเพื่อไทย,-
ณิก,0 68,นายจิรายุ ห่วงทรัพย์,พรรคเพื่อไทย,
88,086,นายชวลิต วิชยสุทธิ์,พรรคเพือไทย,-
85859,090,นายชัยยันต์ ผลสวรรณ์,พรรคเพื่อไทย,
8,101,นายชูศักดิ์ แอกทอง,พรรคเพื่อไทย,
91,103,นายเขิดพงศ์ ราชป้องขันธ์,พรรคเพื่อไทย,-
,,,กลุ่มงานรายงานการประชุม สํานักรายงานการประชุมและขวเลข,
,,,,ฑหน้า ๆ/ 1.1518
ลําดับที่,เลขที่บัตร,ชื่อ-สกุล,ชื่อสังคัด,ผลการลงคะแนน
9ว97,123,นายณ์ฐวุฒิ กองจันทร์ดี,พรรคเพื่อไทย,-
93,131,นายตี้ใหญ่ พูนศรีธนากูล,พรรคเพื่อไทย,-
94,133,นายไตรรงค ติธรรม,พรรคเพื่อไทย,
95,171,นายนพพส เหลืองทองนบนารา,พรรคเพื่อไทย,-
ว6,182,นายนิยม ซข่างพีบนิจ,พรรคเพื่อไทย,-
97,185,นายบิรมีต สจารี,พรรคเพื่อไทย,-
98,193,นายบุญแก้ว สมวงศ์,พรรคเพื่อไทย,
99,194ๆ0,นายบุญธิณ ประทุมล๊,พรรคเพื่อไทย,-
100,ฮ059,นายประเดิมขัย บุญช่วยเหลือ,พรรคเพื่อไทย,
101,212,นายประสิทธิ์ วุฒินันชัย,พรรคเพื่อไทย,-
102,213,นายประเสรีฐ จันทรรวงทอง,พรรคเพื่อไทย,
103,232,นายพรเทพ วิสุทธิ์วัฒนศักดิ์,พรรคเพื่อไทย,-
106๕84,239,นายพัฒนา สัพโส,พรรคเพื่อไทย,
105,2843,นายพิเขษฐ์ เชื้อเมืองพาน,พรรคเพื่อไทย,-
106,258,นายไพจิต ศรีวรขาน,พรรคเพื่อไทย,
107,260,นายไพโรจน์ โล่ห์สุนทร,พรรคเพื่อไทย,-
108,266,นายภาควัต ศรีสรพล,พรรคเพื่อไทย,
109,276,นายมนตรี ตั้งเจริญกาวร,พรรคเพื่อไทย,
110,292,นายยุทธพงศ์ จรัสเสถียร,พรรคเพื่อไทย,-
111,220,นายวัน อยู่บํารุง,พรรคเพื่อไทย,-
112,335,นายวิวัฒน์ชัย โหตระไวศยะ,พรรคเพื่อไทย,-
113,5ส5,นายวิระวัฒน์ โอสถานุเคราะห์,พรรคเพื่อไทย,-
114,3246,นายวุฒิขัย กิตตีธเนศวร,พรรคเพื่อไทย,-
115,552,นายศราวุธ เพขรพนมพร,พรรคเพื่อไทย,
116,9356,นายศักดา คงเพชว์,พรรคเพื่อไทย,-
117,3267,นายศุภขัย นพซํา,พรรคเพื่อไทย,-
118,278,นายสมคิด เชื้อคง,พรรคเพื่อไทย,
119,387,นายสมพงษ์ อมรวิวัฒน์,พรรคเพื่อไทย,
120,2393,นายสยาม หัตถสงเคราะห์,พรรคเพื่อไทย,-
121,3297,นางสาวสรัสนันท์ คอรรณนพพร,พรรคเพื่อไทย,-
122,ๆ22,นายสุขาติ ภิญโญ,พรรคเพื่อไทย,-
123,027,นายสุทีน คลังแสง,พรรคเพื่อไทย,-
124,435,นายสรชาติ ขาญประดิษฐ์,พรรคเพื่อไทย,-
,,,กลุ่มงานรายงานการประชุม สํานักรายงานการประชุมและชวเลข,
,,,,หน้า 5/ 1.1518
สําดับที่,เลขที่บัตร,ชื่อ-สกุล,ชื่อสังกัด,ผลการลงคะแนนบ
125,4ๆ329,นายสุรพงษ์ อึ้งอัมพรวิไล,พรรคเพื่อไทย,-
126,ฮุ54,นายองอาจ วงษ์ประยูร,พรรคเพื่อไทย,
127,ฮ458,นายอนันต์ ศรีพันธุ์,พรรคเพื่อไทย,-
128,467,นางอนุวักษ์ บุญศส,พรรคเพื่อไทย,-
129,468,นายอนุสรณ์ ปั้นทอง,พรรคเพื่อไทย,
1ไ30,ๆ72,นายอภิชาติ ตีรสวัสดิชัย,พรรคเพื่อไทย,-
131,ๆ95,นายเอกชัย ทรงอํานาจเจริญ,พรรคเพื่อไทย,
132,005,นางกรณีศ งามสุคนธ์รัตนา,พรรคพลังประชารัฐ,เห็นด้วย
133,007,นายกรุงศรีวิไล สุทินเผือก,พรรคพลังประชารัฐ,เห็นด้วย
1384,010,นายกฤษณ์ แก้วอยู่,พรรคพลังประซาวัฐ,เห็นด้วย
135,012,นายกนษิตี้เดช ซูติมันต์,พรรคพลังประชารัฐ,เห็นด้วย
ไว6,015,ฆนางสาวกัสยา รุงวิจิตรชัย,พรรคพลังประชารัฐ,เห็นด้วย
137,017,นางสาวกานต์กนิษฐ์ แห้วสันตติ,พรรคพลังประชาวัฐ,เห็นต้วย
138,025,นางสาวกุลวสี นพอมรบตี,พรรคพลังประชาธัฐ,เห็นด้วย
139,050,ว้อยเอก จองชัย วงศ์ทรายทอง,พรรคพลังประชาวัฐ,เห็นด้วย
140,055,นายจักรพันธ์ พรนิมิตร,พรรคพลังประชารัฐ,เห็นด้วย
141,056,นายจักรัตน์ ผิ้วช่วย,พรรคพลังประชารัฐ,เห็นด้วย
142,077,นางเจริญ เรียวแรง,พรรคพลังประชาธรัฐ,เห็นด้วย
143,091,นายขชัยวัฒน์ เป้าเปี่ยมทรัพย์,พรรคพลังประชารัฐ,เห็นด้วย
1484,092,นายซัยวุฒิ ธนาคมานุสรณ์,พรรคพลังประชารัฐ,เห็นด้วย
145,094,นายชาญวิทย์ วิภูศิริ,พรรคพลังประชารัฐ,เห็นด้วย
146,100,นายชูศักดิ์ คศีรีมาศทอง,พรรคพลังประชาวรัฐ,เห็นด้วย
147,102,นายเซข็งชาย ชาสิรินทร์,พรรคพลังประชาวัฐ,เห็นด้วย
146,105,นายโซติวุฒิ ธนาคมานุสรณ์,พรรคพลังประชารัฐ,เห็นด้วย
149,110,พันตํารวจโท ฐนภัทร กิตติวงศา,พรรคพลังประซารัฐ,เห็นด้วย
150,111,นายฐานิสร์ เทียนทอง,พรรคพลังประชาวัฐ,เห็นด้วย
151,112,นายฐาปกรณ์ กุลเจริญ,พรรคพลังประชารัฐ,เห็นด้วย
152,114,นางสาวฐิติภัสร์ โซติเดชาซัยนันต์,พรรคพลังประชารัฐ,เห็นด้วย
153,130,นางสาวตรีนุช เทียนทอง,พรรคพลังประชารัฐ,เห็นด้วย
15ฉ8,137,นายทวิวัฐ วัตนเศรษฐ,พรรคพลังประชารัฐ,เห็นด้วย
155,145,นายกองตรีอาญาสิทธิ์ ศรีสุวรรณ,พรรคพลังประชาวัฐ,เห็นด้วย
156,158,นายธรรมวิชญ์ โพธิพิพิธ,พรรคพลังประชารัฐ,เห็นด้วย
157,ไ74,นายพรชัย ตระกูลวรานนท์,พรรคพลังประชารัฐ,เห็นด้วย
,,,กลุ่มงานรายงานการประชุม สํานักรายงานการประชุมและซวเลข,
,,,,หน้า 6/ 1.1518
ลําดับที่,เลขที่บัตร,ชื่อ-สกุล,ซือสังกัดต,ผลการลงคะแนน
158,176,นายนบัทธี ถินสาคู,พรรคพลังประชารัฐ,เห็นด้วย
159,181,นายนิพันธ์ ศิริธร,พรรคหลังประซารัฐ,เห็นด้วย
160,188,นายนีใรธ สุนทรเดขา,พรรคพลังประชาวัฐ,เห็นด้วย
161,195,นางบุญยิง นิติกาญจนา,พรรคพลังประชารัฐ,เห็นด้วย
162,202,นายปฐมพงศ์ สูญจันทร์,พรรคพลังประชารัฐ,เห็นด้วย
163,206,นายบระทวน สหทธิอํานวยเดช,พรรคพลังประชารัฐ,เห็นด้วย
164,211,นายประสิทธิ์ มะหะหมัด,พรรคพลังประชารัฐ,เห็นด้วย
165,217,นายปริญญา ถกษ์หร่าย,พรรคพลังประชารัฐ,เห็นด้วย
ได66,227,นายพงศ์กวิน จึงรุงเรืองกิจ,พรรคพลังประซารัฐ,เห็นด้วย
167,229,นายพยม พรหมเพชร,พรรคพลังประชารัฐ,เห็นด้วย
168,235,นางพรรณสิรี คุลนาถศิริ,พรรศพลังประชารัฐ,เห็นด้วย
169,2368,นางสาวพัซรีนทร์ ซําศิริพงษ์,พรรคพลังประชารัฐ,เห็นด้วย
170,202,นางพิชชารัตน์ เลาหพงศ์ซนะ,พรรคพลังประชาวัฐ,เห็นด้วย
171,248,นายพิเชษฐ สถิรซวาล,พรรคพลังประชาวัฐ,เห็นด้วย
172,247,นางสาวพิมพ์พร พรพฤตฒิพันธุ์,พรรคพลังประชารัฐ,เห็นด้วย
173,253,นายต่อศักดิ์ ยอัศวเหม,พรรคพลังประชาวัฐ,เห็นด้วย
ไธ,259,นายไพบูลย์ บิติตะวัน,พรรคพลังประชารัฐ,เห็นด้วย
175,261,นางสาวไพลิน เทียนสุวรรณ,พรรศพลังประชารัฐ,เห็นด้วย
176,64,นางสาวภริม พูลเจริญ,พรรคพลังประชารัฐ,เห็นด้วย
177,267,นางสาวภาตาท์ วรกานนท์,พรรคพลังประชารัฐ,เห็นด้วย
178,270,นายภิญโญ บิโรจน์,พรรคพลังประชารัฐ,เห็นด้วย
179,271,นายภูติท ยอินสุวรรณ์,พรรศพลังประชารัฐ,เห็นด้วย
180,275,นายมณเฑียร สงฆ์ประชา,พรรคพลังประชารัฐ,เห็นด้วย
181,284,นายมานัส อ่อนอ้าย,พรรคพลังประชารัฐ,เห็นด้วย
182,289,นายยงยุทธิ สวรรณบุตร,พรรคพลังประชาวัฐ,เห็นด้วย
183,294,รองศาสตราจารย์รงค์ บุญสวยขวัญ,พรรคหลังประชาวัฐ,เห็นด้วย
1ไ8ๆ,295,นายรณเทพ อนุวัฒน์,พรรคพลังประชารัฐ,เห็นด้วย
185,309,นางสาววทันยา วงษ์โอภาสี,พรรคพลังประซารัฐ,เห็นด้วย
186,317,นายวัชระ ยาวอหะซัน,พรรคพลังประชารัฐ,เห็นด้วย
187,2392,น่ายวันชัย ปริญญาศิริ,พรรคพลังประชารัฐ,เห็นด้วย
188,3794,นางวันเพ็ญ พร้อมพัฒน์,พรรคพลังประซารัฐ,เห็นด้วย
189,327,นายวิเชียร ซวลิต,พรรคพลังประชารัฐ,เห็นด้วย
190,242,นายวิระกร คําประกอบ,พรรคพลังประชารัฐ,เห็นด้วย
,,,กลุ่มงานรายงานการประชุม สํานักรายงานการประชุมแสะซวเสข,
,,,,หน้า 7/ 1.1518 -
สําดับที่,เลขที่บัตร,ขือ-สกุล,ชื่อสังกัด,ผลการลงคะแนน
191,249,นายเพชรภูมิ อาภรณ์รัตน์,พรรคพลังประชารัฐ,เห็นด้วย
192,359,นายศาสตรา ศรีปาน,พรรคพลังประชารัฐ,เห็นด้วย
193,262,นายศิริพงษ์ รัสม,พรรคพลังประชารัฐ,เห็นด้วย
194,ว76,นายสมเกียรติ วอนเพียร,พรรคพลังประชารัฐ,เห็นด้วย
195,382,พลเอก สมซาย วิษณุวงศ์,พรรคพลังประชารัฐ,เห็นด้วย
ใ96,384,นายสมบัติ อํานาคะ,พรรคพลังประชารัฐ,เห็นด้วย
197,5386,นายสมพงษ์ ใโสภณ,พรรคพลังประชารัฐ,เห็นด้วย
198,589,นายสมศักดิ์ เทพสุทิน,พรรคพลังประชาวัฐ,เห็นด้วย
199,2395,นายสรวุฒี เนื่องจํานงค์,พรรคพลังประชารัฐ,เห็นด้วย
200,402,นายสัญญา นิลสุพรรณ,พรรคพลังประชารัฐ,เห็นด้วย
201,403,นายสัณหพจน์ สุขศรีเมือง,พรรคพลังประชารัฐ,เห็นด้วย
202,404,นายสุรพร ดนัยตั้งตระกูล,พรรคพลังประชารัฐ,เห็นด้วย
203,4ๆ06,นายสัมพันธ์ มะผูใช้ะ,พรรคพลังประชารัฐ,เห็นด้วย
204,40 ก,นายสัมถทธิ์ แทนทรัพย์,พรรคพลังประซารัฐ,เห็นตด้วย
205,411,นายสาธิต ยุ่ยตระกูล,พรรคพลังประชารัฐ,เห็นด้วย
206,412,นายสายัณห์ ยุติธรรม,พรรคพลังประชารัฐ,เห็นด้วย
207,423,นายสุชาติ อุสาหะ,พรรคพลังประชารัฐ,เห็นด้วย
208,ๆ26,นายสุทา ประทีป ณ ถสาง,พรรคพลังประชารัฐ,เห็นด้วย
209,ๆ 30,นายชวน ซูจันทร์,พรรคพลังประชารัฐ,เห็นด้วย
210,4ๆ36,นายสุรชาติ ศรีบุศกร,พรรคพลังประชารัฐ,เห็นด้วย
211,442,นายสุรศักดิ์ ซิงนวรรณ์,พรรคพลังประชารัฐ,เห็นต้วย
212,เสาส 4,นายสุรศักดิ์ อนรรฆพันธ์,พรรคพลังประชารัฐ,เห็นด้วย
213,445,นายสุรสิทธิ์ บนธิวุฒิวรรักษ์,พรรคพลังประชารัฐ,เห็นด้วย
214,ฮี4ีอิ,นายสุรสิทธิ์ วงศ์วิทยานันท์,พรรคพลังประซารัฐ,เห็นด้วย
215,4848,นายสุรียะ จึงรุ่งเรืองกิจ,พรรคพลังประชารัฐ,เห็นด้วย
216,456,นายอธิรัฐ วัตนเศราษฐ,พรรคหลังประชาวัธุ,เห็นด้วย
217,4ๆ57,นายอฮนันต์ ผลอํานวย,พรรคพลังประชารัฐ,เห็นด้วย
218,4ๆ460,นายอนุขา น้อยวงศ์,พรรคพลังประชารัฐ,เห็นด้วย
219,8461,นายอนุขา นาคาศัย,พรรคพลถังประชารัฐ,เห็นด้วย
220,476,นายอฮรรถกร ศิริล์ทธยากร,พรรคพลังประชารัฐ,เห็นด้วย
221,ก77,ร้อยตํารวจเอก อรุณ สวัสดี,พรรคพลังประซารัฐ,เห็นด้วย
222,4ไ4709,นายอัครวัฒน์ อัศวเหม,พรรคพลังประชาวัฐ,เห็นด้วย
223,4ๆ80,นายจัฏธพล โพธิพิพิธ,พรรคพลังประชาวัฐ,เห็นด้วย
,,,กลุ่มงานรายงานการประชุม สํานักรายงานการประชุมและซวเลข,
,,,,หน้า 8/ 1.1518
ลําดับที่,เลขที่บัตร,ขือ-สกุล,ซื่อสังกัด,ผลการลงคะแนน
224,485,นายยาดิลัน อาลียิสเฮาะ,พรรคพลังประชารัฐ,เห็นด้วย
225,499,นายเอฮียม ทองใจสด,พรรคพลังประชาวัฐ,เห็นด้วย
226,ๆไ21,นายสุชาติ ตันเจริญ,พรรคพลังประชาธัฐ,งดตออกเสียง
2?7,405,นายสินติ พร้อมพัฒน์,พรรคพลังประชารัฐ,
228,420,นายสุชาติ ซมกลิน,พรรคพถังประชารัฐ,
424229,006,นายกรวีรว์ ปริศนานันทกุส,พรรคภูมิใจไทย,เห็นด้วย
ว2ว30,008,นายกฤติเดช สันติวซิระกุล,พรรคภูมิใจไทย,เห็นตด้วย
231,021,นายกิตติชัย เรืองสวัสดิ์,พรรคภูมิใจไทย,เห็นด้วย
232,032,นายเกียรติ เหลืองขจรวิทย์,พรรคภูมิไใจไทย,เห็นด้วย
933,033,นายเกื้อกูล ต่านซัยวิจิตร,พรรคภูมิใจไทย,เห็นด้วย
234,040,นายคงกฤษ ฉัตรมาลิรัตน์,พรรคภูมิใจไทย,เห็นด้วย
235,052,นายจักรกฤษณ์ ทองศรี,พรรคภูมิไจไทย,เห็นด้วย
236,082,นายชยุต ภูมมะกาญจนะ,พรรคภูมิใจไทย,เห็นด้วย
2237,088,'านายสวาบ เผ่าประทาน,พรรคภูมิใจไทย,เห็นด้วย
238,ฏิ95,นายชาตา ไทยเศรษฐ์,พรรคภูมิใจไทย,เห็นด้วย
229,104,นายโชติพิพัฒน์ เตขะโสภณมณี,พรรคภูมิใจไทย,เห็นด้วย
240,113,นายฐิตินันท์ แสงนาค,พรรคภูมิไจไทย,เห็นด้วย
2401,116,นายณัฏจ์ชนน ศรีก่อเกื้อ,พรรคภูมิใจไทย,เห็นด้วย
202,132,นายไตรเทพ งามคมล,พรรคภูมิใจไทย,เห็นด้วย
2843,136,พันเอกเศรษฐพงศ์ มะลิสุวรรณ,พรรคภูมิใจไทย,เห็นด้วย
2ก0,177,นายสุชาติ โขคชัยวัฒนากร,พรรคภูมิใจไทย,เห็นด้วย
245,197,นายบุญลือ ประเสริฐโสภา,พรรคภูมิใจไทย,เห็นด้วย
2486,200,นายปกรณ์ มุ่งเจริญพร,พรรคภูมิใจไทย,เห็นด้วย
2407,230,นายพรชัย อํานวยทรัพย์,พรรคภูมีใจไทย,เห็นด้วย
2ใช,233,นางสาวพรพิมล จธรรมสาร,พรรคภูมิใจไทย,เห็นด้วย
249,2846,นายพิบูลย์ รัชกิจประการ,พรรคภูมิใจไทย,เห็นด้วย
250,249,นายพิษณุ พลธี,พรรคภูมีใจไทย,เห็นด้วย
251,256,นางสาวเพชรดาว โต๊ะมีนา,พรรคภูมิใจไทย,เห็นด้วย
252,263,นายภราดร3ร ปริศนานันทกล,พรรคภูมิใจไทย,เห็นด้วย
253,214,ร้อขดํารวจตรีมณฑล โพ๊ธิ์คาย,พรรคภูมิใจไทย,เห็นด้วย
254,280,นางสาวมัลลสิกา จิระพันธุ์วาณิช,พรรคภูมิไจไทย,เห็นด้วย
255,281,นายมานพ ศรีผึ้ง,พรรคภูมิใจไทย,เห็นด้วย
256,299,นายรังสึกร ทิมาตถกะ,พรรคภูมิใจไทย,เห็นด้วย
,,,กลุมงานรายงานการประชุม สํานักรายงานการประซชุมและชวเลข,
,,,,หน้า 9/ 1.1518
ลําตับที่,เลขที่บัตร,ชื่อ-สกุล,ซื่อสังกัด,ผลการลงคะแนน
2ว05ธั,ว3ว03,นายรุ่งโรจน์ ทองศรี,พรรคภูมิใจไทย,เห็นด้วย
258,3230,นายวิรัช พันธุมะผล,พรรคภูมิใจไทย,เห็นด้วย
259,538,นายวิสิทธิ์ พิทยาภรณ์,พรรคภูมิใจไทย,เห็นตด้วย
260,541,นายมารุต มัสยวาณิช,พรรคภูมิใจไทย,เห็นด้วย
261,55ว2,นางสาวศรีนวล บุญลือ,พรรคภูมิใจไทย,เห็นด้วย
2629,5958,นายศักดิ์สยาม ซิตชซอบ,พรรคภูมิใจไทย,เห็นด้วย
2653,364,นายศีรีวัฒน์ ขจรประศาสน์,พรรคภูมิไจไทย,เห็นด้วย
264,วย์ซ์,นายศุภชัย ใจสมุทร,พรรคภูมิใจไทย,เห็นด้วย
265,269,นางสาวศุภมาส อิศรภักดี,พรรคภูมิใจไทย,เห็นด้วย
266,5ว74,นายสนอง เทพอักษรณรงค์,พรรคภูมิใจไทย,เห็นด้วย
267,5379,นายสมเจตน์ ลิมปะพันธุ์,พรรคภูมิใจไทย,เห็นด้วย
268,585,นายสมบูรณ์ ซารัมย์,พรรคภูมิใจไทย,เห็นด้วย
269,996,นายสรอรรถ กลินประทุม,พรรคภูมิใจไทย,เห็นด้วย
270,299,นายสฤษฎ์พงษ์ เกียวข้อง,พรรคภูมิไจไทย,เห็นด้วย
271,400,นายสถนตี์ บุตรเนียร,พรรคภูมีใจไทย,เห็นด้วย
272,419,นายสีรีพงศ์ อังคสกุลเกียรติ,พรรคภูมิใจไทย,เห็นด้วย
213,043,นายสุรศักดิ์ พันธ์เจริญวรกุล,พรรคภูมิใจไทย,เห็นด้วย
2ว979,451,นายโสภณ ซารัมย์,พรรคภูมิใจไทย,เห็นด้วย
275,455,นายอดีพงษ์ ฐิติพิทยา,พรรคภูมิใจไทย,เห็นด้วย
276,459,นายอนาวิล รัตนสถาพร,พรรคภูมิใจไทย,เห็นด้วย
2717,463,นายอนุทิน ชาญวิรกูล,พรรคภูมิไจไทย,เห็นด้วย
278,471 ,นายอภิชา เลิศพชรกมส,พรรคภูมิใจไทย,เห็นด้วย
279,482,นายอับดุลบาซึม อานู,พรรคภูมิใจไทย,เห็นด้วย
280,488,นายอาสพลธ์ สรรณ์ไตรภาพ,พรรคภูมิใจไทย,เห็นด้วย
281,494,นายเอกภาร ซือทรงธรรม,พรรคภูมิใจไทย,เห็นด้วย
282,078,นายเจเศรษฐ์ ไทยเศรษฐ์,พรรคภูมิใจไทย,-
283,153,นายธนยศ ทิมสุวรรณ,พรรคภูมิใจไทย,-
28484,291,นายยศวัฒน์ มาไพศาลสิน,พรรคภูมิใจไทย,-
285,39513,นายวรศีษฎ์ เลสียงประสิทธิ์,พรรคภูมิใจไทย,
286,368,นายศุภซัย โพธิ์สุ,พรรคภูมิใจไทย,
287,0489,นายอํานาจ วิลาวัสย์,พรรคภูมิใจไทย,
288,0วจ30,นายเกษมสันต์ มีทิพย์,พรรคก้าวไกล,เห็นต้วย
289,038,นายขวัญเลิศ พานิชมาท,พรรคก้าวไกล,เห็นด้วย
,,,กลุ่มงานรายงานการประชุม สํานักรายงานการประชุมและชวเลข,
,,,,หน้า 10/ 1.1518
ลําดับที,เลขที่บัตร,ชื่อ-สกุล,ซื่อสังกัด,ผลการลงคะแนน
290,044,นายคารม พลพรกลาง,พรรคก้าวไกล,เห็นด้วย
29ไ,250,นายพีรเดช คําสมุทร,พรรคก้าวไกล,เห็นด้วย
292,497,นายเอกภพ เพียรพิเศษ,พรรคก้าวไกล,เห็นด้วย
293,013,นายกัญจน์พงศ์ จงสุทธนามณี,พรรคก้าวไกล,ไม่เห็นด้วย
294,045,นายคําพอง เทพาคํา,พรรคก้าวไกล,ไม่เห็นด้วย
295,066,นายจิรัฏจุ์ ทองสุวรรณ์,พรรคกํ้าวไกส,ไม่เห็นด้วย
296,085,พันตํารวจตรี ซชวลิต เสาหอุดมพันธ์,พรรคค้าวไกล,ไม่เห็นด้วย
297,109,นางสาวญาณธิชา บัวเผื่อน,พรรคก้าวไกล,ไม่เห็นต้วย
298,115,นางสาวณีภัสร์ กุลเศรษฐกสิ ทธิ์,พรรคก้าวไกส,ไม่เห็นด้วย
299,119,นายณัฐชา บุญไชยอินสวัสดิ์,พรรคก้าวไกล,ไม่เห็นด้วย
3ร00,120,นายณ์ัฐพงษ์ เรื่องปัญญาวุฒิ,พรรคก้าวไกส,ไม่เห็นด้วย
3201,122,นายณัฐพล สืบศักดิ์วงศ์,พรรคก้าวไกล,ไม่เห็นด้วย
302,124,นายณ์ฐวุฒิ บัวประทุม,พรรคก้าวไกล,ไม่เห็นด้วย
303,139,นายทศพร ทองศิริ,พรรคก้าวไกล,ไม่เห็นด้วย
3บ0ิณี,140,นายทองแดง เบ็ญจะปัก,พรรคก้าวไกส,ไม่เห็นด้วย
305,148,นายเท่าพิภพ ลิ้มจิตรกร,พรรคก้าวไกล,ไม่เห็นด้วย
306,1ไ56,นายมานพ คีริภูวดล,พรรคก้าวไกล,ไม่เห็นต้วย
207,160,นายธัญวัจน์ กมลวงศ์วัฒน์,พรรคก้าวไกล,ไม่เห็นด้วย
3208,166,นายธีรัจชัย พันธุมาศ,พรรคก้าวไกส,ไม่เห็นด้วย
309,ไ180,นายนิติพล ผิวเหมาะ,พรรคก้าวไกล,ไม่เห็นด้วย
310,199,นางสาวเบญจา แสงจันทร์.,พรรคก้าวไกล,ไม่เห็นด้วย
311,2ว0 1,นายปกรณ์วุฒิ อุดมพิพัฒน์สกุล,พรรคก้าวไกล,ไม่เห็นด้วย
5312,203,นายปฏติพัทธ์ สินติภาดา,พรรคก้าวไกล,ไม่เห็นด้วย
213,215,นายประเสริฐพงษ์ ศรนุวัตร์,พรรคก้าวไกล,ไม่เห็นด้วย
3 14,216,นายปริญญา ช่วยเกตุ คีรีรัตน์,พรรคก้าวไกล,ไม่เห็นด้วย
315,241,นายพิจารณ์ เขาวพัฒนวงค์,พรรคก้าวไกล,ไม่เห็นด้วย
916,245,นายพีธา ลิ้มเจริญรัตน์,พรรคก้าวไกล,ไม่เห็นต๊วย
317,300,นายรังสิมันต์ โรม,พรรคค้าวไกล,ไม่เห็นด้วย
318,3ว10,นายวรภพ วิริยะโรจน์,พรรคก้าวไกล,ไม่เห็นด้วย
319,3211,นางสาววรรณววี ตะล่อมสิน,พรรคก้าวไกล,ไม่เห็นด้วย
520,312,นางสาววรรณวิภา ไม้สน,พรรคก้าวไกล,ไม่เห็นด้วย
3791,326,นายวาโย อัศวรุ่งเรือง,พรรคก้าวไกล,ไม่เห็นด้วย
2022,557,นายศักดินัย นุมหนู,พรรคก้าวไกล,ไม่เห็นด้วย
,,,กลุ่มงานรายงานการประชุม สํานักรายงานการประชุมและซวเลข,
,,,,หน้า 11/ 1.1518
ลําดับที่,เลขที่บัตร,ซื่อ-สกุล,ซื่อสังกัด,ผลการลงคะแนน
223,3จย์1,นางสาวศีริกัญญา ตันสกุล,พรรคก้าวไกล,ไม่เห็นด้วย
ว32ฉี,จ374,นายสมเกียรติ ไชยวิสุทธิกุล,พรรคก้าวไกล,ไม่เห็นด้วย
3525,375,นายสมเกียรติ ถนอมสินธุ์,พรรคก้าวไกล,ไม่เห็นด้วย
5326,281,นายสมซาย ฝั่งซลจิตร,พรรคก้าวไกล,ไม่เห็นด้วย
327,425,นางสาวสุทธาวรรณ สุบรรณ ณ อยุธยา,พรรคก้าวไกล,ไม่เห็นด้วย
328,0431,พลตํารวจตวีสุพิศาล ภักดีนถนาถ,พรรคก้าวไกล,ไม่เห็นต้วย
3290,437,นายสุรเชษฐ์ ประวิณวงศ์วุฒิ,พรรคก้าวไกส,ไม่เห็นด้วย
3ว30,ป40,รองศาสตราจารย์สุรวาท ทองบู,พรรคก้าวไกส,ไม่เห็นด้วย
331,4ๆ452,ขายองค์การ ซัยบุตร,พรรคก้าวไกล,ไม่เห็นด้วย
232,ๆ473,นายอภิชาติ ศิริสุนทร,พรรคก้าวไกล,ไม่เห็นด้วย
233,4765,นางอมรัตน์ โซคปมิตต์กุล,พรรคก้าวไกล,ไม่เห็นด้วย
334,0<48,นายจุรัส คุ้มไข่น้า,พรรคก้าวไกล,
335,065,นายจืรวัฒน์ อรัณยกานนท์,พรรคก้าวไกส,
336,138,นายทวีศักดิ์ ทักษัณ,พรรคก้าวไกลส,-
337,247,นายวุฒินันท์ บุญขู,พรรคก้าวไกล,
338,ๆ428,นายสุเทพ อูอัน,พรรคก้าวไกส,-
12239,002,ศาสตราจารย์กนก วงษ์ตระหง่าน,พรรคประซาธิปัตย์,เห็นด้วย
3240,016์,นายพิสิฐ ลสื้อาธรรม,พรรคประชาธิปัตย์,เห็นด้วย
9ว41,031,นายเกียรติ สิทธิอมร,พรรคประชาธิปิตย์,เห็นด้วย
362,061,นางสาวจิตภัสร์ ตั้น กตตากร,พรรคประชาธิปัตย์,เห็นด้วย
343,071,ขนายอิสระ เสรีวัฒนวุฒิ,พรรคประชาธิปัตย์,เห็นด้วย
344,073,นายจุรินทร์ ลักษณวิศิษภ์,พรรคประชาธิปัตย์,เห็นด้วย
245,089,นายซัยขนะ เตชเดโซ,พรรคประซาธิปัตย์,เห็นด้วย
4ๆกดี,093,นายชัยวุฒิ ขบรรณวัฒน์,พรรคประชาธิปัตย์,เห็นด้วย
3247,09 7,นายซีนวรณ์ บุณยเกียรติ,พรรคประชาธิปัตย์,เห็นด้วย
3648,129,นายเดซอิศม์ ขาวทอง,พรรคประชาธิปัตย์,เห็นด้วย
349,134,นางสาวสุภาพร กําเน็ตผล,พรรคประชาธิปัตย์,เห็นด้วย
550,147,นายเทอดพงษ์ ไชยนันทน์,พรรคประชาธิปัตย์,เห็นด้วย
2551,161,นายธารา ป๊ตุเตซะ,พรรคประชาธิปัตย์,เห็นด้วย
26520,162,นายธีรภัทร พริ้งศุลกะ,พรรคประชาธิปัตย์,เห็นด้วย
4ร53,173,นายนริศ ขําบุรักษ์,พรรคประชาธิปัตย์,เห็นด้วย
2354,189,นางสาวแนน บุณย์ธิตา สมชัย,พรรคประชาธิปัตย์,เห็นด้วย
355,190,นายบัญญัติ เจตนจันทร์,พรรคประชาธิปัตย์,เห็นด้วย
,,,กลุ่มงานรายงานการประชุม สํานักรายงานการประซุมและชวเลข,
,,,,หน้า 12/ 1 1.1518
สําดับที,เลขที่บัตร,ชื่อ-สกุล,ซื่อสังกัด,ผลการลงคะแนน
256,191,นายบัญญัติ บรรทัดฐาน,พรรคประชาธิปีตย์,เห็นด้วย
357,204,นายบระกอบ วัตนพันธ์,พรรคประชาธีปัตย์,เห็นด้วย
358,209,นายบระมวล พงศ์ถาวราเดซ,พรรคประชาธิปัตย์,เห็นด้วย
59,228,นายพนิต วิกิตเศรษฐ์,พรรคประชาธิปัตย์,เห็นด้วย
360,2808,นางสาวพืมพ์ภัทรา วิขัยกุล,พรรคประชาธิปัตย์,เห็นด้วย
361,251,นางสาวพิมพ์รพี พันธุ์วิชาติกุล,พรรคประชาธิปัตย์,เห็นด้วย
362,268,นายภาษุ ศรีบุศยกาญจน์,พรรคประชาธิปัตย์,เห็นด้วย
23623,217,นายมนตรี ปาน้อยนนท์,พรรคประชาธิปัตย์,เห็นด้วย
364,301,นางสาวรังสืมา รอดรัศมี,พรรคประชาธิปัตย์,เห็นด้วย
365,308,นางสาววซิราภรณ์ กาพฒจนซ่,พรรคประชาธิปัตย์,เห็นด้วย
5366,2534,นายวีวรรธน์ นิลวัชรมณี,พรรคประชาธิปัตย์,เห็นด้วย
36กั,34,นายวุฒิพงษ์ นพามบุตร,พรรคประชาธิปัตย์,เห็นด้วย
2368,255,นางศรีสมร รัศมีฤกษ์เศรษฐ์,พรรคประชาธิปัตย์,เห็นต้วย
369,363,นางศิริวรรณ ปราศจากศัตรู,พรรคประชาธิปัตย์,เห็นด้วย
ว70,380,นายสมชาติ ประดิษฐพร,พรรคประชาธิปัตย์,เห็นด้วย
371,398,นายสราว5 อ่อนละมัย,พรรคประชาธิปัตย์,เห็นด้วย
372,408,นายสาคร เกียวข้อง,พรรคประชาธิปัตย์,เห็นตด้วย
3273,410,นายสาธิต ปิตุเตซะ,พรรคประชาธิปัตย์,เห็นด้วย
274,4ๆ415,พันโทสินธ์พ แก้วพิจิตร,พรรคประชาธิปัตย์,เห็นด้วย
3276,481ไ6,นายสีนิตย์ เลิศไกร,พรรคประซาธิปัตย์,เห็นด้วย
9376,824ๆ4,นางสาวสุณัฐขา โส่สถาพรพิพิธ,พรรคประชาธิปัตย์,เห็นด้วย
5377,4 4อ,พลสตํารวจตรีสุรินทร์ ขปาลาเร่,พรรคประชาธิปัตย์,เห็นด้วย
5978,453,นายองอาจ คล้ามไพบูลย์,พรรคประชาธีปัตย์,เห็นด้วย
5379,4 7ฉ่,นายสุทัศน์ เงินหมืน,พรรคประชาธิปัตย์,เห็นด้วย
380,ๆ1478,นายยอัครเดช วงษ์พิทักษ์โรจน์,พรรคประชาธีปัตย์,เห็นด้วย
381,484,นายอัศวิน วิภูศิริ,พรรคประชาธิปัตย์,เห็นด้วย
282,492,นายจักพันธ์ ปิยพรไพบูลย์,พรรคประซาธิปัตย์,เห็นด้วย
383,409,นายสาทิตย์ วงศ์หนองเตย,พรรศคประขาธิปัตย์,ไม่เห็นด้วย
38ๆ,014,นางกันตวรรณ ต้นเถียร,พรรคประชาธิปีตย์,
3285,ฏิ84,นายชวน หลึกภัย,พรรคประชาธิปัตย์,-
586,3643,นายวีระชัย วีระเมธีกุล,พรรคประซาธิปัตย์,-
23287,ก70,นายอภิชัย เตชะอุบล,พรรคประชาธิปัตย์,-
388,8481,นญายอันวาร์ สาและ,พรรคประชาธิปัตย์,-
,,,กลุ่มงานรายงานการประชุม สํานักรายงานการประชุมและซวเลข,
,,,,หน้า 13/ 1.1518
ลําดับที,เลขที่บัตร,ซื่อ-สกุล,ชื่อสังกัด,ผลการลงคะแนน
389,028,นายเกษม ศุภรานนท์,พรรคเศรษฐกิจไทย,เห็นต้วย
3290,051,นางสาวจอมขวัญ กลับบ้านเกาะ,พรรคเศรษฐกิจไทย,เห็นด้วย
391,117,นายณัฏธพล จรัสรหพีพงษ์,พรรคเศรษฐกิจไทย,ไม่เห็นด้วย
392,118,นายยุทธนา โพธสุธน,พรรคเศรษฐกิจไทย,ไม่เห็นด้วย
293,154,นายธนะสิทธิ์ โควสุรัตน์,พรรคเศรษฐกิจไทย,ไม่เห็นด้วย
394,ไ5้5,นายธนัสถ์ ทวีเกื้อกูลกิจ,พรรคเศรษฐกิจไทย,ไม่เห็นด้วย
395,157,นายธรรมนัส พรหมเผา,พรรคเศรษฐกิจไทย,ไม่เห็นด้วย
396,1765,นายสงมศักดิ์ คุณเงิน,พรรคเศรษฐกิจไทย,ไม่เห็นต๋วย
วจ9,198,นายบุญสิงห์ วรินทร์รักษ์,พรรคเศรษฐกิจไทย,ไม่เห็นด้วย
9จ398,219,นายปัญญา จีนาคํา,พรรคเศรษฐกิจไทย,ไม่เห็นด้วย
399,225,นายไผ่ ลิกค์,พรรคเศรษฐกิจไทย,ไม่เห็นด้วย
400,231,ผู้ช่วยศาสตราจารย์พรชัย อินทร์สุข,พรรคเศรษฐกิจไทย,ไม่เห็นด้วย
ๆไ01,265,นายภาคภูมิ บูลย์ประมุข,พรรคเศรษฐกิจไทย,ไม่เห็นด้วย
ๆไ02,288,พลตํารวจเอก ยงยุทธ เทพจํานงค์,พรรคเศรษฐกิจไทย,ไม่เห็นด้วย
ๆ03,401,นายสะถิระ เดือกประพันธุ์,พรรคเศรษฐกิจไทย,ไม่เห็นด้วย
ห04,069,นบนายจิรเดช ศรีวิราช,พรรคเศรษฐกิจไทย,
405,0762,นายเผดติมชัย สะสมทรัพย์,พรรคชาติไทยพัฒนา,เห็นด้วย
ๆ0ิ6์,074,นายจุลพันธ์ โนนศรีชัย,พรรคชาติไทยพัฒนา,เห็นด้วย
40 7,125,นายณัฐวุฒิ ประเสริฐสุวรรณ,พรรคชาติไทยพัฒนา,เห็นด้วย
408,165,นายธีระ วงศ์สมุทร,พรรคซาติไทยพัฒนา,เห็นด้วย
409,170,นายนพดล มาตรศรี,พรรคชาติไทยพัฒนา,เห็นด้วย
ฯ410,178,นายนิกร จ้านง,พรรคซาติไทยพัฒนา,เห็นด้วย
411,ว0/,นายประภัตร โพธสุธน,พรรคชาติไทยพัฒนา,เห็นด้วย
412,2ว4ๆ0,นายพาณญูวัฒณ์ สะสมทรัพย์,พรรคซาติไทยพัฒนา,เห็นด้วย
413,2ว15,นายวราวธ ศิลปอาซา,พรรคชาติไทยพัฒนา,เห็นด้วย
414,394,นายสรขัด สจิตต์,พรรคชาติไทยพัฒนา,เห็นด้วย
ๆ165,ๆๆ9,นายเสมอกัน เทียงธรรม,พรรคชาติไทยพัฒนา,เห็นด้วย
416,๓065,นายอนุรักษ์ จุรีมาศ,พรรคชาติไทยพัฒนา,เห็นด้วย
ๆ17,210,นายประสงค์ บูรณ์พงศ์,พรรคเสร็รวมไทย,ไม่เห็นด้วย
019,30 64,นายเรวัต วิศรุตเวช,พรรคเสรีรวมไทย,ไม่เห็นด้วย
8419,3418,นายวัซชรา ณ วังขนาย,พรรคเสร็รวมไทย,ไม่เห็นด้วย
4ว0,ว932,นายวิรัตน์ วรศสิริน,พรรคเสรีรวมไทย,ไม่เห็นด้วย
491,490,นายอําไพ กองมณี,พรรคเสรีรวมไทย,ไม่เห็นด้วย
,,,กสุ่มงานรายงานการประชุม สํานักรายงานการประซุมและซวเลข,
,,,,หน้า 14/ 1.1518
สําดับที่,เลขที่บัตร,ซือ-สกุล,ซื่อสังคัด,ผลการลงคะแนน
400,152,นางสาวธนภว3 โสมทองแดง,พรรคเสร็รวมไทย,
4293,1729,นางสาวนภาพร3 เพ็ขร์จินดา,พรรคเสรีรวมไทย,
494,254,นายเพชร เอกคําลังกุล,พรรคเสร็รวมไทย,-
425,2ว236,พลตํารวจโทวิศณุ ม่วงแพรสี,พรรคเสรีรวมไทย,
ณ426,450,พลสตํารวจเอกเสรีพิศุทธ์ เตมียเวส,พรรคเสร็รวมไทย,
ไวก,ได้ณี,นายอนุมัติ ขูสารอ,พรรคประชาชาติ,เห็นด้วย
4298,108,นายซูการ์โน มะทา,พรรคประชาชาติ,ไม่เห็นด้วย
ๆ29,25,พันตํารวจเอก ทวี สอดตสอง,พรรคประชาซาติ,ไม่เห็นด้วย
ธี30,003,นายกมลศักดิ์ ลสีวาเมาะ,พรรคประชาชาติ,-
431,096์,นายคูเอง ยาวอหะซัน,พรรคประชาชาติ,-
4จ9,388,นายสมบุติ เน็ญจลักษณ์,พรรคประชาชาติ,
433,4ๆ483,นายยับตุลอายี สาแนม็ง,พรรคประชาซาติ,-
134,223,นางสาวปิยะรัฐชย์ ติยะไพรัช,พรรคเพื่อชาติ,ไม่เห็นด้วย
8435,257,นายเพชรวรรต วัฒนพงศศิริกล,พรรคเพื่อซาติ,ไม่เห็นด้วย
4ฯ436,506,นางสินตา เชิตชัย,พรรคเพื่อขาติ,ไม่เห็นด้วย
37,ว371,นายสงคราม กิจเลิศไพโรจน์,พรรคเพื่อชาติ,ไม่เห็นด้วย
4138,351,นายศรัณย์วุฒิ ศรัณย์เกตุ,พรรคเพื่อชาติ,
4ๆ539,487,นายอารี ไกรนรา,พรรคเพื่อขาติ,
ๆ40,269,นายภาสกร เงินเจริญกุล,พรรคเศรษฐกิจใหม่,เห็นด้วย
ๆ441,219,นายมนูญ สิวาภิรมย์รัตน์,พรรคเศรษฐกิจใหม่,เห็นด้วย
402,285,นางมารศรี ขจรเรืองโรจน์,พรรคเศรษฐกิจใหม่,เห็นด้วย
4843,432,นายสุภดิช อากาศฤกษ์,พรรคเศรษฐกิจไหม่,เห็นด้วย
484 8,2ติยิ,นายมิงขวัญ แสงสุวรรณ์,พรรคเศรษฐกิจใหม่,ไม่เห็นด้วย
4ๆ4405,183,นายนิยม วิวรรธนดิฐกุล,พรรคเศรษฐกิจใหม่,-
446,011,นางสาวกวินนาถ ตาคศคีย์,พรรคพลังท้องถิ่นไท,เห็นด้วย
ส7,034,ศาสตราจารย์โกวิทย์ พวงงาม,พรรคพลังห้องถินไท,เห็นด้วย
4ๆ48,059,นายจารึก ศรีอ่อน,พรรคพลังท้องถินไท,เห็นด้วย
449,169,นายนุพดล แก้วสุพัฒน์,พรรคพลังท้องถินไท,เห็นด้วย
4อ0,087,นายซัชวาสล์ คงอุดตม,พรรคพลังท้องถิ่นไท,
451,057,นางสาวจุฑาฑัตต เหลาธรรมทัศน์,พรรครวมพลังประชาซาติไทย,เห็นต้วย
452,255,นางสุเนตตา แซ่โก๊ะ,พรรครวมพลังประชาชาติไทย,เห็นด้วย
453,4ไย้9,นางสาวอนุสวี ทับสุวรรณ,พรรครวมพลังประชาชาติไทย,เห็นด้วย
454,039,นายเขตรัฐ เหล่าธรรบมบทัศน์,พรรครวมพลังประชาชาติไทย,
,,,กสุมงานรายงานการประซุม สํานักรายงานการประชุมและซวเลข,
,,,,หน้า 15/ 1.1518
ลําดับที่,เลขที่บัตร,ซี่ล-สกุล,ชื่อสังภัด,ผลการลงคะแนน
455,429,นายสุพล จุสไส,พรรครวมพลังประชาชาติไทย,
ไว56,126,นายตล เหตระกูส,พรรคชาติพัฒนา,เห็นด้วย
4สุ57,146,นายเทวัญ ลิปตพัสลภ,พรรคขาติพัฒนา,เห็นด้วย
858,316,นายวัชรพล โตมรคักดิ์,พรรคชาติพัฒนา,เห็นด้วย
459,392,นายสมัคร ข้องวงษ์,พรรคชาติพัฒนา,เห็นด้วย
เจ6ไช,3290,นายสมศักดิ์ พันธ์เกษม,,เห็นด้วย
ป461,3จ19,นายวัฒนา ขางเหสา,,-
0ๆ062,4ๆ498,นายเอกราช ขางเหลา, ๒=,
8ๆ863,128,นายดํารงค์ พิเดซู,พรรครักษ์ผืนป่าประเทศไทย,เห็นด้วย
464,290,นายยรรยงค์ ถนอมพิขัยธํารง,พรรครักษ์ผืนป่าประเทศไทย,
465,218,นายปรีดา บุญเพลิง,พรรคครูไทยเพื่อประชาชน,เห็นด้วย
ไ6้6,273,นายมงคลกิตตี้ สุขสินธารานนท์,พรรคไทยศรีวิไลย์,ไปเห็นด้วย
467,004,นายพีระวิทย์ เรืองลือตลภาค,พรรคไทรักธรรม,เห็นด้วย
468,438,นายสุรทิน พิจารณ์,พรรคประชาธิปไตยใหม่,
469,วจ77,นางนันทนา สงฆ์ประขา,พรรคประชาภิวัฒน์,เห็นด้วย
470,365,นางสาวศีลัมพา เลิศนุวัฒน์,พรรคพลเมืองไทย,เห็นด้วย
471,135,พางบุญญาพร นาตะธนภัทร,พรรคพลังชาติไทย,เห็นด้วย
472,296,นายระวิี มาศฉนาตลส,พรรคพลังธรรมใหม่,เห็นด้วย
4ๆ73,179,นายบิคม บุญวิเศษ,พรรคพลังปวงขนไทย,ไปเห็นด้วย
87ๆ,041,นายคฑาเทพ เตชะเตขชเรื่องกุล,พรรคเพื่อชาติไทย,เห็นด้วย
เครื่องหมาย, ๕๕ (ยัติภังค์) หมายถึง ผู้ไม่ลงมติ/ผู้ลาประชุม/ผู้ขาดการประซุม,,,
หมายเหตุ,,,,
มีสมาชิกฯ,ขอใช้สิทธิออกเสียงลงคะแนนเพิ่มเติมด้วยวาจาว่าเห็นด้วย แต่ปรากฏชื่อไข้สิทธิออกเสียงลงคะแนนในไบประมวลผล,,,
ว่าเห็นด้วยแล้ว,คือ,,,
,299,นายรังสิกร ทิมาตฤกะ,พรรคภูมิใจไทย,เห็นด้วย
ผู้ปฏิบัติหน้าที่ประธานในที่ประชุม,,,,
นายชวน,ฑลีกภัย,ประธานสภาผู้แทนราษฎร,,
