0,1,2,3,4,5
,วันที 09 เดือน กุมภาพันธ์ พ.ศ.,2565 เวลา 18:36,ร่างพระราชบัญญัติแก้ไขเพิ่มเติมประมวลกฎหมายแพ่ง และพาณิชย์ (ฉบับที่ ..) พ.ศ. ...า.,,
 จำนานผู้เข้าร่วมประชุม,,350,อณะรัฐมนตรีรับไปพิจารณาก่อนรับหลักการ,,
เห็นด้าย,,219,,,
ไม่เห็นด้าย,,118,,,
 งดออกเสียง,,12,,,
ไม่ลงคะแนน.สียง,,1,,,
,,,,หน้า 1/ 1.1521,
ลำดับที่,เลขที่บัตร,ชือ-สกุล,ชื่อสังกัด,ผลการลงคะแนน,
1,383,นายสมบัติ ศรีสุรินทร์,พรรค.เพือไทย,เห็นด้าย,
2,009,นายกฤษฎา ตันเทอดทิตย์,พรรคเพือไทย,ไม่เห็นด้วย,
3,022,นางสาวกิตติธัญญา วาจาดี,พรรคเพื่อไทย,ไม่.ท็นด้าย,
4,023,นายกิตติศักดิ์  คณาสวัสดิ์,พรรคเพือไทย,ไม่เท็นด้วย,
5,035,นายโกศล ปัทมะ,พรรคเพื่อไทย,ไม่เห็นด้าย,
6,046,นายคุณากร ปรีชาชนะชัย,พรรคเพื่อไทย,ไม่เท็นด้าย,
7,049,นายจรัสฤทธิ์  จันทรสุรินทร์,พรรคเพื่อไทย,ไม่เท็นด้าย,
8,054,นายจักรพล ตั้งสุทธิธรรม,พรรคเพื่อไทย,ไม่เท็นด้าย,
9,058,นายจาตุรงค์ เพ็งนรพัฒน์,พรรค.เพือไทย,ไม่.ห็นด้าย,
 10,063,นายจิรพงษ์ ทรงวัชราภรณ์,พรรค.พือไทย,ไม่เห็นด้าย,
1.,064,นายจิรวัฒน์ ศิริพานิชย์,พรรคเพือไทย,ไม่เท็นด้วย,
12,067, นางสาาจิราพร สินธุไพร,พรรค.เพื่อไทย,ไม่เห็นด้วย,
13,070,นางจุทาพัตธน์ .มนะสวัสดิ์,พรรคเพือไทย,ไม่เห็นด้วย,
14,075,นายจุลพันธ์ อมรวิวัฒน์,พรรคเพื่อไทย,ไม่เห็นด้าย,
15,080,นายฉลาด ขามช่าง,พรรคเพื่อไทย,ไมเท็นด้าย,
16,081,นางสาวชนก  จันทาทอง,พรรคเพื่อไทย,ไม่.ท็นด้าย,
17,106,นายไชยวัฒนา ติณรัตน์,พรรค.พือไทย,ไม่.ห็นด้วย,
18,121,นายณัฐพงษ์ สุบริยศิลป์,พรรคเพือไทย,ไม่.ห็นด้วย,
19,142,นางสาวทัศนีย์ บูรณุปกรณ์,พรรค.เพื่อไทย,ไม่เท็นด้วย,
20,144,นายทายาท  เกียรติขูศักดิ์,พรรคเพือไทย,ไมเห็นด้วย,
21,149,นางเทียบจุทา ชาวขำ,พรรคเพื่อไทย .,ไมเห็นด้วย,
22,151,นายธนาร ไชยกุล,พรรคเพือไทย,ไม่เท็นด้วย,
23,163,นางสาวธีรรัตน์  สำเร็จวาณิชย์,พรรคเพื่อไทย,ไม่เห็นด้วย,
24,167,นายนพ ชีวานันท์,พรรคเพือไทย,ไม่.ห็นด้วย,
25,182,นายนิยม ช่างพินิจ 2,พรรค.พือไทย,ไม่เท็นด้วย,
,,,,หน้า 2/ 1.1521,
ลำดับที่,เลขที่บัตร,ชื่อ-สกุล,ชื่อสังกัด,ผลการลงคะแนน,
26,194,นายบุญฐิณ ประทุมลี,พรรค.เพื่อไทย,ไม.ห็นด้วย,
27,196,นางบุญรืน ศรีธเรศ,พรรคเพือไทย,ไม่เห็นด้วย,
28,208,นายประภูศักดิ์ จินตะเวช,พรรค.พื่อไทย,ไม่เท็นด้วย,
29,224,นางผ่องศรี แช่จึง,พรรคเพือไทย,ไม่เท็นด้วย,
30,252,นายพีระเพชร ศิริกุล,พรรคเพือไทย,ไม่เท็นด้วย,
31,278,นางมนพร เจริญศรี,พรรคเพือไทย,ไม่เท็นด้วย,
32,297,นายรังสรรค์ มณีรัตน์,พรรคเพือไทย,ไม่เท็นด้าย,
33,298,นายรังสรรค์ วันไชยธนวงศ์,พรรคเพือไทย,ไม่เท็นด้วย,
34,305,นางสาวละออง ติยะไพรัช,พรรคเพื่อไทย,ไม่เห็นด้วย,
35,307,นายเลิศศักดิ์ พัฒนชัยกุล,พรรคเพื่อไทย,ไม่เท็นด้วย,
36,314,นายวรสิทธิ์ กัลปตินันท์,พรรคเพื่อไทย,ไมเห็นด้วย,
37,323,นายวันนิวัติ สมบูรณ์,พรรคเพือไทย,ไมเห็นด้วย,
38,328,นายวิทยา ทรงคำ,พรรคเพื่อไทย,ไม่.ห็นด้วย,
39,337,นายวิสาร เตชะธีราวัฒน์,"พรรค.,พือไทย",ไม่เท็นด้วย,
40,339,นายวิสิษฐ์ เตชะธีราวัฒน์,"พรรค.,.พือไทย",ไม่เท็นด้วย,
41,340,นายวิสุทธิ์ ไชยณรุณ,พรรคเพือไทย,ไม่เท็นด้วย,
42,:350,นายศรัณย์ ทิมสุวรรณ,พรรคเพื่อไทย,ไม่เท็นด้วย,
43,354,นายศรี.รศ โกฎคำลือ,พรรคเพือไทย,ไมเห็นด้วย,
44,360,นายศิรสิทธิ์ เลิศด้วยลาภ,พรรคเพือไหย,ไมเห็นด้วย,
45,375,นางสาวสกุณา สาระนันท์,พรรคเพื่อไทย,ไม่เห็นด้วย,
46,372,นายสงวน พงษมณี,พรรคเพื่อไทย,ไม่เท็นด้วย,
47,391,นางสมหญิง บัวบุตร,พรรคเพือไทย,ไม่เท็นด้วย,
48,393,นายสยาม หัตถสงเคราะห์,พรรค.พือไทย,ไม่เท็นด้วย,
49,414,นายสิงหภณ ดีนาง,พรรค.พื่อไทย,ไม่.ท็นด้าย .,
50,418,นางสิรินทร รามสูต,พรรคเพื่อไทย,ไม่เท็นด้วย,
51,467,นางอนุรักษ์ บุญศล,พรรคเพื่อไทย,ไม่เท็นด้วย,
52,486,นางอาภรณ์ สาราคำ,พรรคเพื่อไทย,ไมเห็นด้วย,
53,493,นายอุบลศักดิ์ บัวหลวงงาม,พรรคเพื่อไทย,ไม่เห็นด้วย,
54,496,นายเอกธนัช อินทร์รอด,พรรคเพือไทย,ไม่.ท็นด้วย,
,,,.,,
55,500,นายโอชิษฐ์ เกียรติก้องซูชัย,พรรค.พือไทย,ไม่เท็นด้วย,
56, 001,นายกนก ลิ้มตระกูล,พรรค.เพื่อไทย,ตอ,
57,018,นายการุณ โหสกุล,พรรคเพื่อไทย,.,
58,019,นายกิตติ สมทรัพย์,พรรคเพื่อไทย,.๒.,
,,..,,,
,,,,หน้า 3/ 1.1521,
 ลำดับที่,เลขทีบัตร,ชือ-สกุล,ชื่อสังกัด,ผลการลงคะแนน,
59,020,นายกิตติกร โล่ห์สุนทร,พรรคเพื่อไทย,ก.,
60,027,นายเกรียงศักดิ์ ฝ้ายสีงาม,พรรคเพื่อไทย,..,
61,029,นายเกษม อุประ,พรรคเพื่อไทย,.,
62,037,นายขจิตร ชัยนิคม,พรรคเพื่อไทย,-,
63,042,นายคมเดช ไชยศิวามงคล,พรรคเพื่อไทย,ก.,
64,043,นายครูมานิตย์ สังข์พุ่ม,พรรคเพือไทย,=,
65,047,นายจตุพร เจริญเชื้อ,พรรค.เพื่อไทย,=,
66,053,นายจักรพรรดิ ไชยสาส์น,พรรคเพือไทย,ะ,
67,062,นายจิรทัศ ไกรเดชา,พรรคเพือไทย,..,
68,068,นายจิรายุ ห่วงทรัพย์,พรรค.เพือไทย,.,
69,083,นายชลนาน ศรี..ก้า,พรรคเพือไทย,.,
70,086,นายชาลิต วิชยสุทธิ์,พรรคเพือไทย,=,
71,090,นายขัยยันต์ ผลสุวรรณ์,พรรคเพื่อไทย,=,
72,099,นายชูวิทย์ พิทักษ์พรพัลลภ,พรรคเพื่อไทย,=,
73,101,นายขูศักดิ์ แอกทอง,พรรคเพื่อไทย,ก.,
74,103,นายเชิดพงศ์ ราชป้องขันธ์,พรรค.พือไทย,=,
75,107,นายไชยา พรหมา,"พรรค.,เพื่อไทย",.,
76,123,นายณัฐวุฒิ กองจันทร์ดี,พรรค.เพือไทย,..,
77,127,นายดะนัย มะทิพันธ์,พรรคเพือไทย,.,
78,131,นายตี๋ใหญ่ พูนศรีธนากูล,พรรคเพื่อไทย,=,
79,133,นายไตรรงค์ ติธรรม,พรรคเพือไทย,ก.,
80,164,นายธีระ ไตรสรณกุล,พรรคเพือไทย,_:,
81,168,นายนพคุณ รัฐผไท,พรรค.พือไทย,..,
82,171,นายนพพล เหลืองทองนารา,พรรคเพื่อไทย,..,
83,184,นายนิยม เวชกามา,พรรค.:เพือไทย,-,
84,185,นายนิรมิต สุจารี,พรรคเพื่อไทย,อ.,
85,186,นายนิรันดร์ นาเมืองรักษ์,พรรคเพือไทย,=,
86,192,นายบัลลังก์ อรรณนพพร,พรรคเพือไทย,.,
87,193,นายบุญแก้ว สมวงศ์,พรรค.เพือไทย,.,
88,205,นายประเดิมชัย บุญ ช่วยเหลือ,พรรค.เพื่อไทย ..,..,
89,212,นายประสิทธิ์ วุฒินันชัย,พรรคเพื่อไทย,.,
90,213,นายประเสริฐ จันทรรวงทอง,พรรคเพือไทย,-,
9:,214,นายประเสริฐ บุญเรือง,พรรคเพื่อไทย,.=,
,,,,หน้า 4/ 1.1521,
ลำดับที่,เลขที่บัตร,ชือ-สกุล,ขื่อสังกัด,ผลการลงคะแนน,
92,222,นายปียวัฒน พันธ์สาย.เชื้อ,พรรค.เพือไทย,.,
93,232,นายพรเทพ วิสุทธิ์วัฒนศักดิ์,พรรค.พื่วไทย,อ,
94,234,นางพรเพ็ญ บุญศิริวัฒนกุล,พรรค.พือไทย,ไ.,
95,237,นายพลภูมิ วิภัติภูมิประเทศ,พรรคเพือไทย,ก.,
96,239,นายพัฒนา สัพโส,พรรคเพือไทย,ู,
97,243,นายพิเชษฐ์ เชื้อเมืองพาน,พรรคเพือไทย,=,
98,258,นายไพจิต ศรีวรขาน,พรรคเพือไทย,=,
99,260,นายไพโรจน โลท์สุนทร,พรรคเพื่อไทย,.,
100,262,นายภณณัฏฐ์ ศรีอินทร์สุทธิ์,พรรคเพื่อไทย,.,
101,266,นายภาควัต ศรีสุรพล,พรรค.เพื่อไทย,.,
102,276,นายมนตรี ตั้งเจริญถาวร,พรรค.พือไทย,=,
103,282,นายมานะ โลหะวณิชย์,"พรรค,เพื่อไทย",.,
104,283,นายมานะศักดิ์  จันทร์ประสงค์,พรรค.เพือไทย,=,
105,287,นางมุกดา พงษ์สมบัติ,พรรคเพือไทย,-,
106,292,นายยุทธพงศ์ จรัสเสถียร,พรรคเพื่อไทย,อ,
107,302,นายรัฐกิตติ์ ผาลีพัฒน์,พรรคเพื่อไทย,ร,
108,320,นายวัน อยู่บำรุง,พรรคเพื่อไทย,ตู,
109,321,นายวันชัย  เจริญนนทสิทธิ์,พรรค.เพื่อไทย,-,
110,335,นายวิวัฒนชัย โหตระไวศยะ,พรรค.พื่อไทย,-,
111,344,นายวีระพล  จิตสัมฤทธิ์,พรรค.พือไทย,-,
112,345,นายวีระวัฒน์ โอสถานุเคราะห์,พรรคเพื่อไทย,.,
113,346,นายวุฒิชัย กิตติธเนศวร,พรรคเพื่อไทย,=,
114,352,นายศราวุธ เพชรพนมพร,พรรคเพื่อไทย,=,
115,356,นายศักดา คงเพชร,พรรค.พื่อไทย,=,
116,367,นายศุภขัย นพขำ,พรรค.พื่อไทย,ต.,
117,378,นายสมคิด เชื้อคง,พรรคเพือไทย,=,
118,387,นายสมพงษ์ อมรวิวัฒน์,พรรค.พือไทย,.,
119,397,นางสาวสรัสนันท์ อรรณนพพร,พรรคเพือไทย,..,
120,422,นายสุชาติ ภิญโญ,พรรคเพือไทย,..,
121,427,"นายสุทิน คลัง,.สง",พรรค.เพื่อไทย า,.,
122,433,นางสุภาภรณ์ คงวุฒิปัญญา,พรรคเพือไทย,อ,
123,435,นายสุรชาติ ชาญประดิษฐ์,พรรค.เพือไทย,-,
124,439,นายสุรพงษ์ อึ่งอัมพรวิไล,พรรคเพือไทย,..,
,,,,หน้า 5/ 1.1521,
 ลำดับที่,เลขที่บัตร,ชือ-สกุล,ชือสังกัด,ผลการลงคะแนน,
125,441,นายสุรวิทย์ คนสมบูรณ์,พรรคเพือไทย,.=,
126,454,นายองอาจ วงษ์ประยูร,พรรคเพื่อไทย,.,
127,458,นายอนันต์ ศรีพันธุ์,พรรคเพื่อไทย,บ,
128,462,นาวาอากาศเอกอนุดิษฐ์ นาครทรรพ,พรรคเพื่อไทย,.=,
129,468,นายอนุสรณํ ขั้นทอง,พรรคเพื่อไทย,..,
130,472,นายอภิชาติ ตีรสวัสดิชัย,พรรคเพื่อไทย,.,
131,495,นายเอกชัย ทรงอำนาจเจริญ,พรรค.เพือไทย,.=,
132,005,นางารณิศ งามสุคนธ์รัตนา,พรรคพลังประชารัฐ,เท็นด้วย,
133,007,นายกรุงศรีวิไล สุทินเผือก,พรรคพลังประชารัฐ,เท็นด้วย,
134,010,นายกฤษณ์  แก้วอยู่,พรรคพลังประชารัฐ,เท็นด้วย,
135,012,นายกษิดิ์เดช ชุติมันต์,พรรคพลังประชารัฐ,เท็นด้วย,
136,015,นางสาวกัลยา รุ่งวิจิตรชัย,พรรคพลังประชารัฐ,เห็นด้วย,
137,017,นางสาวกานต์กนิษฐ์ แห้วสันตติ,พรรคพลังประชารัฐ,เห็นด้วย,
138,025,นางสาวกุลวลี นพอมรบดี,พรรคพลังประชารัฐ,เห็นด้วย,
139,050,ร้อย.อก จองชัย วงศ์ทรายทอง,พรรคพลังประชารัฐ,เท็นด้วย,
140,055,นายจักรพันธ์ พรนิมิตร,พรรคพลังประชารัฐ,เท็นด้วย,
141,.056,นายจักรัตน์ พั้วช่วย,พรรคพลังประชารัฐ,เท็นด้วย,
142,077,นางเจริญ เรี่ยวแรง,พรรคพลังประชารัฐ,เท็นด้วย,
143,091,นายชัยวัฒน์ เป้าเปียมทรัพย์,พรรคพลังประชารัฐ,เท็นด้าย,
144,092,นายชัยวุฒิ ธนาคมานุสรณํ,พรรคพลังประชารัฐ,เห็นด้วย,
145,094,นายชาญวิทย์ วิภูศิริ,พรรคพลังประชารัฐ,เห็นด้วย,
146,100,นายชูศักดิ์ คีรีมาศทอง,พรรคพลังประชารัฐ,เท็นด้วย,
147,102,นายเชิงชาย ชาลีรินทร์,พรรคพลังประชารัฐ,เท็นด้วย,
148,105,นายโชติวุฒิ ธนาคมานุสรณ์,พรรคพลังประชารัฐ,เท็นด้วย,
149,110,พันตำราจโท ธนภัทร กิตติวงศา,พรรคพลังประชารัฐ,เท็นด้วย,
150,111,นายฐานิสร์ เทียนทอง,พรรคพลังประชารัฐ,เท็นด้วย,
151,112,นายฐาปกรณ์ กุลเจริญ,พรรคพลังประชารัฐ,เห็นด้วย,
152,114,นางสาวธิติภัสร์ โชติเดชาชัยนันต์,พรรคพลังประชารัฐ,เห็นด้วย,
153,130,นางสาาตรีนุช .ทียนทอง,พรรคพลังประชารัฐ,เท็นด้วย,
154,137,นายทวิรัฐ รัตนเศรษฐ,พรรคพลังประชารัฐ .,เท็นด้าย,
155,145,นายกองตรีอาญาสิทธิ์ ศรีสุวรรณ,พรรคพลังประชารัฐ,เท็นด้วย,
156,158,นายธรรมวิชญ์ โพธิพิพิธ,พรรคพลังประชารัฐ,เห็นด้วย,
157,174,นายพรชัย ตระกูลารานนท์,พรรคพลังประชารัฐ,เห็นด้วย,
,,,,หน้า 6/ 1.1521,
ลำดับที่,เลขที่บัตร,ชือ-สกุล,ชื่อสังกัด,ผลการลงคะแนน,
158,176,นายนัทธี ถิ่นสาคู,พรรคพลังประชารัฐ,เท็นด้วย,
159,181,นายนิพันธ์ ศิริธร,พรรคพลังประชารัฐ,เท็นด้วย.,
160,188,นายนิโรธ สุนทรเลขา,พรรคพลังประชารัฐ,เห็นด้วย,
161,195,นางบุญยิง นิติกาญจนา,พรรคพลังประชารัฐ,เห็นต้วย,
162,202,นายปฐมพงศ์ สูญจันทร์,พรรคพลังประชารัฐ,เห็นด้วย.,
163,206,นายประทวน สุทธิอำนวยเดช,พรรคพลังประชารัฐ,เห็นด้วย,
164,211,นายประสิทธิ์ มะหะหมัด,พรรคพลังประชารัฐ,เห็นด้วย,
165,217,นายปริญญา ฤกษ์หร่าย,พรรคพลังประชารัฐ,เห็นด้วย,
166,235,นางพรรณสิริ กุลนาถศิริ,พรรคพลังประชารัฐ,เห็นด้วย,
167,238,นางสาวพัชรินทร์ ชำศิริพงษ์,พรรคพลังประชารัฐ,.ห็นด้วย,
168,242,นางพิชชารัตน์ เลาหพงศ์ชนะ,พรรคพลังประชารัฐ,.ห็นด้วย,
169,244,นายพิเชษฐ สถิรชวาล,พรรคพลังประชารัฐ,เห็นด้วย,
170,247,นางสาวพิมพ์พร พรพฤฒิพันธุ์,พรรคพลังประชารัฐ,เห็นด้วย,
171,253,นายต่อศักดิ์ อัศวเหม,พรรคพลังประชารัฐ,เห็นด้วย,
172,259,นายไพบูลย์ นิติตะวัน,พรรคพลังประชารัฐ,เท็นด้วย,
173,261,นางสาวไพลิน เทียนสุวรรณ,พรรคพลังประชารัฐ,.ท็นด้วย,
174,:264,นางสาวภริม พูลเจริญ,พรรคพลังประชารัฐ,เท็นด้วย,
175,267,นางสาวภาดาท์ วรกานนท์,พรรคพลังประชารัฐ,เห็นด้วย,
176,270,นายภิญโญ นิโรจน์,พรรคพลังประชารัฐ,เห็นด้วย,
177,271,นายภูดิท อินสุวรรณ์,พรรคพลังประชารัฐ,เห็นด้วย,
178,275,นายมณ.ทียร สงฆ์ประชา,พรรคพลังประชารัฐ,เท็นด้วย,
179,289,นายยงยุทธ สุวรรณบุตร,พรรคพลังประชารัฐ,เท็นด้วย,
180,294,รองศาสตราจารยรงค์ บุญสวยขวัญ,พรรคพลังประชารัฐ,เห็นด้วย,
181,295,นายรณเทพ  อนุวัฒน์,พรรคพลังประชารัฐ,เท็นด้วย,
182,309,นางสาวาทันยา วงษ์โอภาสี,พรรคพลังประชารัฐ,เห็นด้วย,
183,322,นายวันชัย  ปริญญาศิริ,พรรคพลังประชารัฐ,เห็นด้วย,
184,324,นางวันเพ็ญ พร้อมพัฒน์,พรรคพลังประชารัฐ, เท็นด้วย,
185,327,นายวิเชียร ชวลิต,พรรคพลังประชารัฐ,เห็นด้วย,
186,342,นายวีระกร คำประกอบ,พรรคพลังประชารัฐ,เห็นด้วย,
187,349,นายเพชรภูมิ  อากรณรัตน์,พรรคพลังประชารัฐ .ว,เห็นด้วย,
188,359,นายศาสตรา ศรีปาน,พรรคพลังประชารัฐ,เห็นด้วย,
189,362,นายศิริพงษ์ รัสมี,พรรคพลังประชารัฐ,เท็นด้วย,
190,376,นายสมเกียรติ วอนเพียร,พรรคพลังประชารัฐ,เห็นด้วย,
,,.,,,
,,,,หน้า 7/1.1521,
ลำดับที,เลขที่บัตร,ชือ-สกุล,ชื่อสังกัด,ผลการลงคะแนน,
191,382,พลเอก สมชาย วิษณุวงศ์,พรรคพลังประชารัฐ,เห็นด้วย,
192,384,นายสมบัติ อำนาคะ,พรรคพลังประชารัฐ,เห็นด้วย,
193,386,นายสมพงษ์ โสภณ,พรรคพลังประชารัฐ,เห็นด้วย,
194,395,นายสรวุฒิ เนืองจำนงค์,พรรคพลังประชารัฐ,เท็นด้วย,
195,402,นายสัญญา นิลสุพรรณ,พรรคพลังประชารัฐ,เห็นด้วย,
196,403,นายสัณหพจน์ สุขศรี.มือง,พรรคพลังประชารัฐ,เห็นด้วย,
197,404,นายสุรพร ดนัยตั้งตระกูล,พรรคพลังประชารัฐ,เห็นด้วย,
198,407,นายสัมฤทธิ์ แทนทรัพย์,พรรคพลังประชารัฐ,เห็นด้วย,
199,411,นายสาธิต  อุยตระกูล,พรรคพลังประชารัฐ,.ห็นด้วย,
200,412,นายสายัณห์ ยุติธรรม,พรรคพลังประชารัฐ,เท็นด้วย,
201,423,นายสุชาติ อุสาหะ,พรรคพลังประชารัฐ,เท็นด้วย,
202,426,นายสุทา ประทิปฺณ ถลาง,พรรคพลังประชารัฐ,เห็นด้วย,
203,430,นายชวน ชูจันทร์,พรรคพลังประชารัฐ,เห็นด้วย,
204,436,นายสุรชาติ ศรีบุศกร,พรรคพลังประชารัฐ,เห็นด้วย,
205,442,นายสุรศักดิ์ ชิงนวรรณ์,พรรคพลังประชารัฐ,เท็นด้วย,
206,444,นายสุรศักดิ์ อนรรมพันธ์,พรรคพลังประชารัฐ,เห็นด้วย,
207,445,นายสุรสิทธิ์ นิธิวุฒิวรรักษ์,พรรคพลังประชารัฐ,เท็นด้วย,
208,446,นายสุรสิทธิ์ วงศ์วิทยานันท์,พรรคพลังประชารัฐ,เห็นด้วย,
209,448,นายสุริยะ  จึงรุ่งเรืองกิจ,พรรคพลังประชารัฐ,เห็นด้วย,
210,456,นายอธิรัฐ รัตนเศรษฐ,พรรคพลังประชารัฐ,เห็นด้วย,
211,457,นายอนันต์ ผลอำนวย,พรรคพลังประชารัฐ,เห็นด้วย,
212,461,นายอนุชา นาคาศัย,พรรคพลังประชารัฐ,เท็นด้วย,
213,476,นายอรรถาร ศีรีลัทธยากร,พรรคพลังประชารัฐ,.ห็นด้วย,
214,477,ร้อยตำรวจเอก อรุณ สวัสดี,พรรคพลังประชารัฐ,เท็นด้วย,
215,479,นายอัครวัฒน์ อัศวเหม,พรรคพลังประชารัฐ,เท็นด้าย,
216,480,นายอัฏฐพล โพธิพิพิธ,พรรคพลังประชารัฐ,เห็นด้วย,
217,485,"นายอาดีลัน อาลีอิส,ฮาะ",พรรคพลังประชารัฐ,เห็นด้วย,
218,499,นายเอี่ยม  ทองใจสด,พรรคพลังประชารัฐ,เท็นด้วย,
219,317,นายวัชระ ยาวอหะขัน,พรรคพลังประชารัฐ,ไม่เห็นด้วย,
,,,ง,,
220,406,นายสัมพันธ์ มะยูโช๊ะ,พรรคพลังประชารัฐ,ไม่เท็นด้วย,
221,460,นายอนุขา น้อยวงศ์,พรรคพลังประชารัฐ,ไมเห็นด้วย,
222,227,นายพงศึกวิน  จึงรุ่งเรืองกิจ,พรรคพลังประชารัฐ,=,
223,229,นายพยม พรหมเพชร ..,พรรคพลังประชารัฐ,อ,
,,,,หน้า 8/ 1.1521,
ลำดับที่,เลขที่บัตร,ชื่อ-สกุล,ชื่อสังกัด,ผลการลงคะแนน,
224,284,นายมานัส อ่อนอ้าย,พรรคพลังประชารัฐ,..,
225,389,นายสมศักดิ์  เทพสุทิน,พรรคพลังประชารัฐ,.๒.,
226,405,นายสันติ พร้อมพัฒน์,พรรคพลังประชารัฐ,4.,
227,420,นายสุชาติ ชมกลิน,พรรคพลังประชารัฐ,..,
228,421,นายสุขาติ ตันเจริญ,พรรคพลังประชารัฐ,..,
229, 006,นายกรวีร์ ปริศนานันทกุล,พรรคภูมิใจไทย,เห็นด้วย,
230,008,นายกฤติเดช สันติวชิระกุล,พรรคภูมิใจไทย,เห็นด้วย,
231,021,นายกิตติชัย เรืองสวัสดิ์,พรรคภูมิใจไทย,เห็นด้วย,
232,032,นายเกียรติ เหลืองขจรวิทย์,พรรคภูมีใจไทย,เห็นด้วย,
233,033,นายเกื้อกูล ด่านขัยวิจิตร,พรรคภูมิใจไทย,เห็นด้วย,
234,040,นายคงกฤษ ฉัตรมาลีรัตน์,พรรคภูมิใจไทย,เห็นด้วย,
235,052,นายจักรกฤษณ์ ทองศรี,พรรคภูมีใจไทย,เท็นด้วย,
236,082,นายขยุต ภุมมะกาญจนะ,พรรคภูมิใจไทย,เห็นด้าย,
237,095,นายขาดา ไทยเศรษฐ์,พรรคภูมิใจไทย,เท็นด้าย,
238,104,นายโขติพิพัฒน์ .ตชะโสภณมณี,พรรคภูมีใจไทย,.ท็นด้วย,
239,113,นายริตินันท์ แ.สงนาค,พรรคภูมีใจไทย,เห็นด้วย,
240,116,นายณัฏฐ์ชนน ศรีก่อ.กื้อ,พรรคภูมิใจไทย,เห็นด้วย,
241,132,นายไตรเทพ งามกมล,พรรคภูมิใจไทย,เห็นด้วย,
242,136,พันเอกเศรษฐพงค์ มะลิสุวรรณ,พรรคภูมิใจไทย,เห็นด้วย,
243,177,นายสุชาติ โชคชัยวัฒนากร,พรรคภูมีใจไทย,เห็นด้วย,
244,197,นายบุญลือ ประเสริฐโสภา,พรรคภูมีใจไทย,เห็นด้วย,
245,200,นายปกรณ์ มุ่งเจริญพร,พรรคภูมิใจไทย,เห็นด้วย,
246,230,นายพรชัย อำนวยทรัพย์,พรรคภูมิใจไทย,เห็นด้าย,
247,233,นางสาวพรพิมล ธรรมสาร,พรรคภูมิใจไทย,เห็นด้วย,
248,246,นายพิบูลย์ รัชกิจประการ,พรรคภูมิใจไทย,เห็นด้วย,
249,249,นายพิษณุ พลธี,พรรคภูมิใจไทย,เห็นด้วย,
250,263,นายาราคร ปริศนานันทกุล,พรรคภูมิใจไทย,เท็นด้วย,
251,274,ร้อยตำราจตรีมณฑล โพธิ์คาย,พรรคภูมีใจไทย,เห็นด้วย,
252,280,นางสาวมัลลิกา จิระพันธุ์วาณิข,พรรคภูมิใจไทย,เห็นด้วย,
253,281,นายมานท ศรีผึ้ง,พรรคภูมิใจไทย,เห็นด้วย,
254,299,นายรังสิกร ทิมาตฤกะ,พรรคภูมิใจไทย,เห็นด้าย,
255,303,นายรุ่งโรจน์ ทองศรี,พรรคภูมิใจไทย,เท็นด้วย,
256,330,นายวิรัช พันธุมะผล .า,พรรคภูมิใจไทย,เท็นด้วย,
,,,,หน้า 9/ 1.1521,
ลำดับที่,เลขที่บัตร,ชื่อ-สกุล,ชื่อสังกัด,ผลการลงคะแบน,
257,333,นายวิสิทธิ์ พิทยาภรณ์,พรรคภูมิใจไทย,เห็นด้วย,
258,341,นายมารุต มัสยวาณิช,พรรคภูมิใจไทย,เท็นด้วย,
259,353,นางสาวศรีนวล บุญลือ,พรรคภูมิใจไทย,เท็นด้วย,
260,364,นายศิริวัฒน์ ขจรประศาสน์,พรรคภูมิใจไทย,เท็นด้วย,
261,369,นางสาวศุภมาส อิศรภักดี,พรรคภูมีใจไทย,เห็นด้วย,
262,373,นายสนอง เทพอักษรณรงค์,พรรคภูมิใจไทย,เห็นด้วย,
263,385,นายสมบูรณํ ชารัมย์,พรรคภูมิใจไทย,เห็นด้วย,
264,396,นายสรอรรถ กลินประทุม,พรรคภูมิใจไทย,เท็นด้วย,
265,399,นายสฤษฎ์พงษ์ เกี่ยวข้อง,พรรคภูมิใจไทย,เห็นด้วย,
266, 400,นายสฤษดิ์ บุตรเนียร,พรรคภูมิใจไทย,เท็นด้วย,
267,419,นายสิริพงศ์ อังคสกุลเกียรติ,พรรคภูมิใจไทย,เท็นด้วย,
268,443,นายสุรศักดิ์ พันธ์เจริญวรกุล,พรรคภูมิใจไทย,เท็นด้วย,
269,451,นายโสภณ ชารัมย์,พรรคภูมิใจไทย,เห็นด้วย,
270,455,นายอดิพงษ์ ริติพิทยา,พรรคภูมีใจไทย,เห็นด้วย,
271,459,นายอนาวิล รัตนสถาพร,พรรคภูมิใจไทย,เท็นด้วย,
272,471,นายอภิชา เลิศพชรามล,พรรคภูมีใจไทย,เท็นด้วย,
273,494,นายเอกการ ชื่อทรงธรรม,พรรคภูมิใจไทย,เท็นด้าวย,
274,488,นายอาสพลธ์ สรรณํไตรภพ,พรรคภูมิใจไทย,ไม่เท็นด้วย,
275,088,นายสวาป เผ่าประทาน,พรรคภูมิใจไทย, งดออก.สียง,
276,256,นางสาวเพชรดาว โต๊ะมีนา,พรรคภูมใจไทย,งดออกเสียง,
277,366,นายศุภชัย ใจสมุทร,พรรคภูมิใจไทย,งดออก.สียง,
278,482,นายอับดุลบาซิม อาบู,พรรคภูมีใจไทย,งดออกเสียง,
279,379,นายสมเจตน์ ลิมปะพันธุ์,พรรคภูมิใจไทย,ไม่ลงคะแนนเสียง,
280,078,นายเจ.เศรษฐ์ ไทยเศรษฐ์,พรรคภูมิใจไทย . .,.,
281,153,นายธนยศ ทิมสุวรรณ,พรรคภูมิใจไทย,ต.,
282,291,นายยศวัฒน์ มาไพศาลสิน,พรรคภูมิใจไทย,.,
283,313,นายวรศิษฎ์ เลียงประสิทธิ์,พรรคภูมิใจไทย,..,
284,358,นายศักดิ์สยาม ชิดชอบ,พรรคภูมิใจไทย,.,
285,368,นายศุภขัย โพธิ์สุ,พรรคภูมิใจไทย,.,
286,463,นายอนุทิน ชาญวีรกูล,พรรคภูมิใจไทย,อา.,
287,489,นายอำนาจ  วิลาวัลย์,พรรคภูมิใจไทย,..,
288,030,นายเกษมสันต์ มีทิพย์,พรรคก้าวไกล,เท็นด้วย,
289,038,นายขวัญเลิศ พานิชมาท,พรรคก้าวไกล,เท็นด้วย,
,,,,หน้า 10/1.1521,
ลำดับที่,เลขทีบัตร,ชื่อ-สกุล,ชื่อสังกัด,ผลการลงคะแนบ,
290,250,นายพีรเดช คำสมุทร,พรรคก้าวไกล,เห็นด้วย,
291,475,นางอมรัตน์ โชคปมิตต์กุล,พรรคก้าวไกล,เห็นด้วย,
292,497,นายเอกภพ เพียรพิเศษ,พรรคก้าวไกล,เท็นด้วย,
293,013,นายกัญจน์พงศ์ จงสุทธนามณี,พรรคก้าวไกล,ไม่.เท็นด้วย,
294,045,นายคำพอง  เทพาคำ,ทรรคก้าวไกล,ไม่เห็นด้วย,
295,048,นายจรัส  คุ้มไข่น้ำ,พรรคก้าวไกล,ไม่เท็นด้วย,
296,065,นายจิรวัฒน์ อรัณยกานนท์,พรรคก้าวไกล,ไม่เท็นด้วย,
297,066,นายจิรัฏฐ์ ทองสุวรรณ์,พรรคก้าวไกล,ไมเท็นด้วย,
298,085,พันตำราจตรี ชวลิต เลาทอุดมพันธ์,พรรคก้าวไกล,ไมเห็นด้วย,
299,109,นางสาาญาณธิชา บัวเผือน`,พรรคก้าวไกล,ไม่เท็นด้วย,
300,15,นางสาวณธีภัสร์ กุลเศรษฐสิทธิ์,พรรคก้าวไกล,ไม่เท็นด้วย,
301,119,นายณัฐชา บุญไชยอินสาัสดิ์,พรรคก้าวไกล,ไม่เท็นด้วย,
302,120,นายณัฐพงษ์ เรืองปัญญาวุฒิ,พรรคภ้าวไกล,ไม่เท็นด้วย,
303,122,นายณัฐพล สืบศักดิ์วงศ์,พรรคก้าวไกล,ไม่เห็นด้วย,
304,124,นายณัฐวุฒิ บัวประทุม,พรรคก้าวไกล,ไม่เท็นด้วย,
305,138,นายทวีศักดิ์  ทักษิณ,พรรคก้าวไกล,ไม่เท็นด้วย,
306,139,นายทศพร ทองศิริ,พรรคก้าวไกล,ไม่เท็นด้วย,
307,140,นายทองแดง เบ็ญจะปัก,พรรคก้าวไกล,ไม่เท็นด้วย,
308,148,นายเท่าพิภพ ลิ้มจิตรกร,พรรคก้าวไกล,ไมเห็นด้วย,
309,156,นายมานพ คีรีภูวดล,พรรคก้าวไกล,ไม่เห็นด้วย,
310,160,นายธัญวัจน์ กมลวงศ์วัฒน์,พรรคก้าวไกล,ไมเห็นด้วย,
311,166,นายธีรัจชัย พันธุมาศ,พรรคก้าวไกล,ไม่เห็นด้วย,
312,180,นายนิติพล ผิวเหมาะ,พรรคก้าวไกล,ไม่เท็นด้วย `,
313,199,นางสาว.บญจา แสงจันทร์,พรรคก้าวไกล .,ไม่เท็นด้วย,
314,201,นายปกรณวุฒิ  อุดมพิพัฒน์สกุล,พรรคก้าวไกล,ไม่เห็นด้าย,
315,203,นายปดิพัทธ์ สันติภาดา,พรรคก้าวไกล,ไมเห็นด้วย,
316,215,นายประเสริฐพงษ์ ศรนุวัตร์,พรรคก้าวไกล,ไม่เท็นด้วย,
317,216,นายปริญญา ช่วยเกตฺ คีรีรัตน์,พรรคก้าวไกล,ไม่เท็นด้วย,
318,241,นายพิจารณ์ เชาวพัฒนวงศ์,พรรคก้าวไกล,ไมเห็นด้วย,
319,245,นายพิธา ลิ้มเจริญรัตน์,พรรคก้าวไกล,ไม่เห็นด้วย,
320,300,นายรังสิมันต์ โรม,พรรคก้าวไกล,ไม่เท็นด้วย,
321,310,นายารภพ วิริยะโรจน์,พรรคก้าวไกล,ไม่เท็นด้วย,
322,311,นางสาววรรณวรี ตะล่อมสิน,พรรคก้าวไกล,ไม่เห็นด้าย,
,,,,หน้า 11/1.1521,
ลำดับที่,เลขที่บัตร,ชื่อ-สกุล,ชื่อสังกัด,ผลการลงคะแนน,
323,312,นางสาววรรณวิภา ไม้สน,พรรคก้าวไกล,ไมเห็นด้วย,
324,326,นายวาโย อัศวรุ่งเรือง,พรรคก้าวไกล,ไมเห็นด้วย,
325,347,นายวุฒินันท์ บุญชู,พรรคก้าวไกล,ไม่เห็นด้วย,
326,357,นายศักดินัย นุ่มหนู,พรรคก้าวไกล,ไม่เท็นด้วย,
327,361,นางสาวศิริกัญญา ตันสกุล,พรรคก้าวไกล,ไม่เห็นด้วย,
328,374,นายสมเกียรติ ไชยวิสุทธิกุล,พรรคก้าวไกล,ไม่เห็นด้วย,
329,375,นายสมเกียรติ ถนอมสินธุ์,พรรคก้าวไกล,ไม่เห็นด้วย,
330,381,นายสมขาย ฝังชลจิตร,พรรคก้าวไกล,ไมเห็นด้วย,
331,425,นางสาวสุทธวรรณ  สุบรรณฺณ อยุธยา,พรรคก้าวไกล,ไม่เท็นด้วย,
332,428,นายสุเทพ  อู่อัน,พรรคก้าวไกล,ไม่เท็นด้วย,
333,431,พลตำราจตรีสุพิศาล ภักดืนฤนาถ,พรรคก้าวไกล,ไม่เท็นด้วย,
334,437,นายสุรเชษฐ์ ประวีณวงศ์วุฒิ,พรรคก้าวไกล,ไม่เห็นด้วย,
335,440,รองศาสตราจารย์สุรวาท ทองบุ,พรรคก้าวไกล,ไม่เห็นด้วย,
336,452,นายองค์การ ขัยบุตร,พรรคก้าวไกล,ไม่เท็นด้วย,
337,473,นายอภิชาติ ศิริสุนทร,พรรคก้าวไกล,ไม่เห็นด้วย,
338,04^,นายคารม พลพรกลาง,พรรคก้าวไกล,=,
339,.002,ศาสตราจารย์กนก วงษ์ตระหง่าน,พรรคประชาธิปัตย์,เห็นด้วย,
340,016,นายพิสิฐ ลี้อาธรรม,พรรคประชาริปัตย์,เห็นด้วย,
341,031,นายเกียรติ สิทธือมร,พรรคประชาธิปัตย์,เห็นค้วย,
342,061,นางสาวจิตภัสร์ ตั้น กฤดากร,พรรคประชาธิปัตย์,เห็นด้วย,
343,071,นายอิสระ เสรีวัฒนวุฒิ,พรรคประชาธิปัตย์,เห็นด้วย,
344,073,นายจุรินทร์ ลักษณวิศิษฎ์,พรรคประชาธิปัตย์,เห็นด้วย,
345,093,นายชัยวุฒิ บรรณวัฒน์,พรรคประชาธิบัตย์,เท็นด้วย,
346,097,นายชินวรณ์ บุณยเกียรติ,พรรคประชาธิปัตย์,เห็นด้วย,
347,129,นายเดขอิศม์ ขาวทอง,พรรคประชาธิปัตย์,เห็นด้วย,
348,134,นางสาวสุภาพร กำเนิดผล,พรรคประชาธิบัตย์,เท็นด้วย,
349,147,นายเทอดพงษ์ไชยนันทน์,พรรคประชาธิปัตย์,เท็นด้วย,
350,161,นายธารา ปีตุเตชะ,พรรคประชาธิปัตย์,เท็นด้วย,
351,173,นายนริศ ขำนุรักษ์,พรรคประชาธิปัตย์,เห็นด้วย,
352,189,นางสาวแนน บุณย์ธิดา สมขัย,พรรคประชาธิปัตย์ .,เห็นด้วย,
353,190,นายบัญญัติ เจตนจันทร์,พรรคประชาธิปัตย์,เท็นด้วย,
354,191,นายบัญญัติ บรรทัดฐาน,พรรคประชาธิปัตย์,เห็นด้วย,
355,204,นายประกอบ  รัตนพันธ์,พรรคประชาธิปัตย์,เท็นด้วย,
,,4,,,
,,,,หน้า 12/1 1521,
ลำดับที่,เลขทีบัตร,ชือ-สกุล,ชื่อสังกัด,ผลการลงคะแนน,
356,209,นายประมาล พงศ์ถาวราเดช,พรรคประชาธิปัตย์,เห็นด้วย,
357,248,นางสาวพิมพ์ภัทรา วิชัยกุล,พรรคประชาธิปัตย์,เห็นด้วย,
358,251,นางสาวพิมพรพี พันธุ์วิชาติกุล,พรรคประชาธิปัตย์,เห็นด้าย,
359,268,นายภานุ ศรีบุศยกาญจน์,พรรคประชาธิปัตย์,เห็นด้าย,
360,277,นายมนตรี ป่าน้อยนนท์,พรรคประชาธิปัตย์,เท็นด้วย,
361,301,นางสาวรังสิมา รอดรัศมี,พรรคประชาธิปัตย์,เท็นด้วย,
362,308,นางสาววชิรากรณ์ กาญจนะ,พรรคประชาธิปัตย์,เห็นด้วย,
363,334,นายวิวรรธน์ นิลวัชรมณี,พรรคประชาธิปัตย์,เห็นด้วย,
364,348,นายวุฒิพงษ์ นามบุตร,พรรคประชาธิปัตย์,เห็นด้วย,
365,355,นางศรีสมร รัศมีฤกษ์เศรษฐ์,พรรคประชาธิปัตย์,เท็นด้าย,
366,363,นางศิริวรรณ ปราศจากศัตรู,พรรคประชาธิปัตย์,เท็นด้วย,
367,380,นายสมชาติ ประดิษฐพร,พรรคประชาธิปัตย์,เท็นด้วย,
368,398,นายสราวุธ อ่อนละมัย,พรรคประชาธิปัตย์,เท็นด้วย,
369,408,นายสาคร  เกียวข้อง,พรรคประชาธิปัตย์,เห็นด้วย,
370,409,นายสาทิตย์ วงศ์หนองเตย,พรรคประชาธิปัตย์,เท็นด้วย,
371,415,พันโทสินธพ แก้วพิจิตร,พรรคประชาธิปัตย์,เท็นด้าย,
372,.416,นายสินิตย์ เลิศไกร,พรรคประชาธิปัตย์,เท็นด้วย,
373,424,นางสาวสุณัฐขา โล่สถาพรพิพิธ,พรรคประชาธิปัตย์,เห็นด้วย,
374,453,นายองอาจ คล้ามไพบูลย์,พรรคประชาธิปัตย์,เห็นด้วย,
375,474,นายสุทัศน์ เง็นหมืน,พรรคประชาธิบัตย์,เห็นด้วย,
376,478,นายอัครเดช วงษ์พิทักษ์โรจน์,พรรคประขาธิปัตย์,เห็นด้วย,
377,228,นายพนิต วิกิตเศรษฐ์,พรรคประชาธิปัตย์,ไม่เท็นด้วย,
378,084,นายชวน หลีาภัย,พรรคประชาธิปัตย์, งดออกเสียง,
379,447,พลตำรวจตรีสุรินทร์ ปาลา.ร่,พรรคประชาธิปัตย์, งดออก.สียง,
380,014,นางกันตวรรณ ตันเกียร,พรรคประชาธิบัตย์,.-,
381,089,นายขัยชนะ เดชเดโข,พรรคประชาธิปัตย์,..,
382,162,นายธิรภัทร พริ้งศุลกะ,พรรคประชาธิปัตย์,.,
383,343,นายวีระชัย วีระเมธีกุล,พรรคประชาธิปัตย์,.,
384,410,นายสาธิต ปิตุเตชะ,พรรคประชาธิปัตย์,=,
385,470,นายอภิชัย เตขะอุบล,พรรคประชาธิปัตย์ .,=,
386,481,นายอันวาร์ สา.ละ,พรรคประชาธิปัตย์,.,
387,484,นายอัศวิน วิภูศิริ,พรรคประชาธิปัตย์,..,
388,492,นายจักพันธ์ ปียพรไพบูลย์ .,พรรคประชาธิปัตย์,อ,
,,,,หน้า 13/1.1521,
ลำดับที่,เลขที่บัตร,ชื่อ-สกุล,ชื่อสังกัด,ผลการลงคะแนน,
389,028,นาย'กษม ศุภรานนท์,พรรคเศรษฐกิจไทย,เห็นด้วย,
390,051,นางสาวจอมขวัญ กลับบ้านเกาะ,"พรรค,ศรษฐกิจไทย",เท็นด้วย,
391,117,นายณัฏฐพล จรัสรพีพงษ์,พรรค.ศรษฐกิจไทย,เท็นด้าย,
392,118,นายยุทธนา โพธสุธน,พรรคเศรษฐกิจไทย,.ท็นด้วย,
393,154,นายธนะสิทธิ  โควสุรัตน์,พรรคเศรษฐกิจไทย,เท็นด้าย,
394,155,นายธนัสภ์ ทวีเกื้อกูลกิจ,พรรคเศรษฐกิจไทย,เห็นด้วย,
395,219,นายบัญญา จีนาคำ,พรรคเศรษฐกิจไทย,เห็นด้วย,
396,225,นายไผ่ ลึกค์,พรรคเศรษฐกิจไทย,เห็นด้วย,
397,231,ผู้ช่วยศาสตราจารย์พรชัย อินทร์สุข,พรรคเศรษฐกิจไทย, เท็นด้วย,
398,265,นายภาคภูมิ บูลยประมุข,พรรคเศรษฐกิจไทย,เท็นด้าย,
399,288,พลตำราจเอก ยงยุทธ เทพจำนงค์,พรรคเศรษฐกิจไทย,.ท็นด้าย,
4ด0, 401,นายสะกิระ เผือกประพันธุ์,พรรคเศรษฐกิจไทย,.ห็นด้วย,
401,175,นายสมศักดิ์ คุณเงิน,พรรคเศรษฐกิจไทย, งดออกเสียง,
402,069,นายจีรเดช ศรีวิราช,พรรค.ศรษฐกิจไทย,=,
403,157,นายธรรมนัส พรหมะผ่า,พรรคเศรษฐกิจไทย,.,
404,198,นายบุญสิงท์ วรินทร์รักษ์,พรรคเศรษฐกิจไทย,.,
405,.072,นายเผดิมชัย สะสมทรัพย์,พรรคขาติไทยพัฒนา,.ท็นด้วย,
406,074,นายจุลพันธ์ โนนศรีชัย,พรรคชาติไทยพัฒนา,เห็นด้าย,
407,125,นายณัฐวุฒิ ประ.สริฐสุวรรณ,พรรคชาติไทยพัฒนา,เห็นด้วย,
408,165,นายธีระ วงศ์สมุทร,พรรคชาติไทยพัฒนา,เท็นด้วย,
409,170,นายนพดล  มาตรศรี,พรรคชาติไทยพัฒนา,เท็นด้วย,
410,178,นายนิกร  จำนง,พรรคชาติไทยพัฒนา,.ท็นด้วย,
411,240,นายพาณุวัฒณ์ สะสมทรัพย์,พรรคชาติไทยพัฒนา,เท็นด้วย,
412,315,นายาราวุธ ศิลปอาชา,พรรคชาติไทยพัฒนา,เห็นด้าย,
413,394,นายสรชัด สุจิตต์,พรรคชาติไทยพัฒนา,เห็นด้วย,
414,449,นายเสมอก้น เที่ยงธรรม,พรรคชาติไทยพัฒนา,เท็นด้วย,
415,465,นายอนุรักษ์ จุรีมาศ,พรรคชาติไทยพัฒนา,.ท็นด้าย,
416,207,นายประภัตร โพธสุธน,พรรคชาติไทยพัฒนา,อ,
417,210,นายประสงค์ บูรณ์พงศ์,พรรค.สรีรวมไหย,เห็นด้วย,
418,304,นายเรวัต วิศรุตเวช,พรรค.สรีรามไทย .,ไม่เท็นด้วย,
419,332,นายวิรัตน์ วรศสิริน,พรรคเสรีรามไทย,ไม่เท็นด้วย,
420,336,พลตำรวจโทวิศณุ ม่วง.พรสี,พรรคเสรีรวมไทย,ไม่เห็นด้วย,
421,450,พลตำรวจเอกเสรีพิศุทธ์ เตมียเวส า,พรรค.เสรีรวมไทย,ไม่เท็นด้วย,
,,,,หน้า 14/ 1.1521,
ลำดับที่,เลขทีบัตร,ชือ-สกุล,ชื่อสังกัด,ผลการลงคะแนน,
422,490,นายอำไพ กองมณี,พรรคเสรีรวมไทย,ไม่เท็นด้วย,
423,152,"นางสาวธนภร โสมทอง,.ดง",พรรค.สรีรวมไทย,..,
424,172,นางสาวนภาพร เพ็ชร์จินดา,พรรค.สรีรวมไทย,.-,
425,254,นายเพชร เอกกำลังกุล,พรรคเสรีรวมไทย,อ,
426,3!8,นายวัชรา ณวังขนาย,พรรคเสรีรวมไทย,.=,
427,464,นายอนุมัติ ชูสารอ,พรรคประชาชาติ,เห็นด้วย,
428,003,นายกมลศักดิ์ ลีวาเมาะ,พรรคประชาชาติ, งดออกเสียง,
429,026,นายกู.ฮง ยาวอหะชัน,พรรคประชาชาติ, งดออกเลียง,
430,108,นายชูการ์โน มะทา,พรรคประชาชาติ, งดออกเสียง,
431,388,นายสมมุติ เบ็ญจลักษณ์,พรรคประชาชาติ, งดออกเสียง,
432,483,นายอับดุลอายี สาแม็ง,พรรคประชาชาติ,งดออกเลียง,
433,325,พันตำรวจ.อก ทวี สอดสอง,พรรคประชาชาติ,-,
434,223,นางสาาปิยะรัฐชย์ ติยะไพรัช,พรรคเพื่อชาติ,ไม่เท็นด้วย,
435,257,นายเพชรวรรติ วัฒนพงศศิริกุล,พรรค.พื่อชาติ,...,
436,306,นางลินดา เชิดชัย,พรรค.เพือชาติ,.,
437,351,นายศรัณย์วุฒิ ศรัณย์เกตุ,พรรคเพื่อชาติ,..,
438,371,นายสงคราม กิจเลิศไพโรจน์,พรรคเพื่อชาติ,..,
439,487,นายอารี ไกรนรา,พรรคเพื่อชาติ,ะ,
440,269,นายภาสกร เงินเจริญกุล,พรรคเศรษฐกิจใหม่,เห็นด้วย,
441,279,นายมนูญ สิวาภิรมยรัตน์,พรรคเศรษฐกิจใหม่,.ท็นด้วย,
442,285,นางมารศรี ขจร.เรืองโรจน์,พรรคเศรษฐกิจใหม่,เท็นด้วย,
443,286,นายมิงขวัญ แสงสุวรรณ์,พรรคเศรษฐกิจใหม่,เห็นด้วย,
444,432,นายสุภดืช  อากาศฤกษ์,พรรคเศรษฐกิจใหม่,เห็นด้วย,
445,183,นายนิยม  วิวรรธนดิฐกุล,พรรคเศรษฐกิจใหม่,อ,
446,169,นายนพดล  แก้าสุพัฒน์,พรรคพลังท้องถินไท,เท็นด้วย,
447,011,นางสาวกวินนาถ ตาคีย์,พรรคพลังท้องถิ่นไท,ไม่เห็นด้วย,
448,034,ศาสตราจารย์โกวิทย์ ทวงงาม,พรรคพลังท้องถิ่นไท,ไมเห็นด้วย,
449,059,นายจารึก ศรีอ่อน,พรรคพลังท้องถิ่นไท,ไม่เท็นด้วย,
450,087,นายขัชวาลล์ คงอุดม,พรรคพลังท้องถิ่นไท,-,
451,255,นางสุเนตตา แชโก๊ะ,พรรครวมพลังประชาชาติไทย,เห็นด้วย,
452,469,นางสาวอนุสรี ทับสุวรรณ,พรรครวมพลังประชาชาติไทย,เห็นด้วย,
453,039,นายเขตรัฐ เหล่าธรรมทัศน์,พรรครวมพลังประชาชาติไทย,.,
454,057,นางสาวจุทาทัตต เหล่าธรรมทัศน์,พรรครามพลังประชาชาติไทย,ต.,
,,,,หน้า 15/ 1.1521,
ลำดับที,เลขที่บัตร,ชื่อ-สกุล,ชื่อสังกัด,ผลการลงคะแนน,
455,429,นายสุพล จุลใส,พรรครวมพลังประชาชาติไทย,.,
456,126,นายดล เหตระกูล,พรรคชาติพัฒนา,เท็นด้วย.,
457,146,นายเทวัญ ลิปตพัลลภ,พรรคชาติพัฒนา,เท็นด้วย,
458,316,นายวัชรพล โตมรศักดิ์,พรรคชาติพัฒนา,เท็นด้วย,
459,392,นายสมัคร ป้องวงษ์,พรรคชาติพัฒนา,เห็นด้วย.,
460,390,นายสมศักดิ์ พันธุ์เกษม,.-,เห็นด้วย,
461,319,นายวัฒนา ช่าง.หลา,ต.,อ,
462,498,นาย.อกราข ชางเหลา,=,..,
463,128,นายดำรงค์ พิเดซ,พรรครักษ์ผีนป่าประเทศไทย,ไม่เห็นด้วย,
464,290,นายยรรยงก์ ถนอมพิชัยธำรง,พรรครักษ์ผืนป่าประเทศไทย,.,
465,218,นายปรีดา บุญเพลิง,พรรคครูไหยเพื่อประชาชน,เท็นด้วย,
466,273,นายมงคลกิตติ๋ สุขสินธารานนท์,พรรคไทยศรีวิไลย์,ไม่เท็นด้วย,
467, 004,นายพีระวิทย์ .รืองลือดลภาค,พรรคไทรักธรรม,ไมเห็นด้วย,
468,438,นายสุรทิน พิจารณ์,พรรคประชาธิปไตยใหม่,ไม่เท็นด้วย,
469,377,นางนันทนา สงฆ์ประชา,พรรคประชาภิวัฒน์,เท็นด้วย,
470,365,นางสาวศิลัมพา เลิศนุวัฒน์,พรรคพลเมืองไทย,ไม่เห็นด้วย,
471,135,นางบุญญาพร นาตะธนภัทร,พรรคพลังชาติไทย,เห็นด้วย,
472,296,นายระวี มาศฉมาดล,พรรคพลังธรรมใหม่,เท็นด้วย,
473,179,นายนิคม บุญวิเศษ,พรรคพลังปวงชนไทย,.,
474,041,นายคทาเทพ เตชะเดช.เรืองกุล,พรรคเพือชาติไทย,เห็นด้วย,
 เครื่องหมาย,บ,(ยัติภังค์) หมายถึง ฺผู้ไม่ลงมติ/ผู้ลาประชุม/ผู้ขาดการประชุม,,,
,ยู้ปฏิบัติหน้าทีประธานในทีประชุม,,,,
นายขวน, หลีกภัย,ประธานสภาผู้แทนราษฎร,,,
,,,.,,
,,.,,,
